Collection,Name,Symbol
neonpunks,Neon Punks,neonpunks
pocket_godz,Pocket Godz,pocket_godz
exomon-CZ6go85CYaU3g1pcPtXRH4cH5JGjoBFvCUausVVqvwsZ,Exo,exomon
SEED-2Mt4TukmPu2sv9Wg33GYvD9viUce7yXEUR4AVBG9vyNY,,
4JZz983NEtaeXX3nFeFPPqAtPWUxULUgqzHw6nqjrvZH,Narentines,NRT
7vQvrm97N7PfuzLatgnim1KRQRxCrcdweoBQAedvV8Ry,,
Bbb6EgLw2YngMYCSjcNddGxjctpbYuccUapw6X1fjphg,Collection NFT,KAGE
DEGENS-v15N6qPTrtMA67rXQBVdF8nmwm1YvnCyALKgJWkfv4x,Degen Degen ,DEGENS
DeadzSol-tJ3ia5ZrHVZJYhXdD98TQAKdogzuH5RkNq3rnu4MNbU,,
DSTS-9RdnSBqjDtLLPkAjFVfA39xSq61vuAfpTiD2RZ3XymGn,,DSTS
FWM4UEhxQzHLxGc6hhmsXkeZ1KHjPEEE2had56XSuKee,Collection NFT,HOA
3JrftnXCheRpWSewVzRn2HtgS1xASZC74kD4FJmhtA2p,feecies.eww,eww
JUSTAPE-6bw9LDzR5K4pkaiFT7iVQzyUAeuN2Mx22YLQ3YaWRYvt,Ape ,JUSTAPE
secret_skeleton_society,DoodleSkeletons,secret_skeleton_society
pitbull_poker_tour,Pitbull Poker Tour,pitbull_poker_tour
sharkz-8gF5XeAxAtEc3EUvpf9V15sCycrFxCMBS68a1tpgkcy9,,sharkz
CL-2Qs4X9GeUXnErre4JSDP7PyiPQUJwhSXcgfCvpQaGtXJ,,CL
SOLANABEAR-Fn61MgRUgXF53BG8bmQdCtoeafffX1dJ5oPt4X4yuvoR,,
BugaGods-4k5cz4MBg7L1mmQhpHUDenFyuvJdhKsRqHRELsVNyyC9,,BugaGods
deadcets,Dead Cets,deadcets
degendojonft,Degen Dojo,degendojonft
FCC-9BTLNsAf988ujtBDo873kXbPNPq6rMk386bw9o1WqNZW,,
2TGqoopNimpVJfZykzFqmUT4hiFktywgvK4fnTnWow14,Trippin' Cet Tribe,TCT
GREATGOATS-5PUq4VZSbm5ZwrQMh2bHNLM8ca6UieguKiaLRJqp3d75,,
message_party,First Verse,message_party
chainmyth,ChainMyth,chainmyth
nuked_apes,Nuked Apes,nuked_apes
HlH-8vuo86b9NzdcCznU2WEooinXzQpidvUju2h2ZwdWufaE,,HlH
metaops,MetaOps,metaops
creamy_friends,Creamy Friends,creamy_friends
cloakdemon-F9z92vvqsEcqedcVeFWdkiRYQcZHHoykPzuQbpomxoq1,,cloakdemon
burrito_boyz,Burrito Boyz,burrito_boyz
APEKILL-84tHhP4nik2GSjJZWCtdvcmp91GqTRPnTaNkdjaJS65v,,APEKILL
sneakysols,Sneaky Sols,sneakysols
MMT-F7UuG5AB3BDtP2i4gFu11Skw7tZvgguvAKPhyBQsfTpj,Mutant Miner Tools ,MMT
skletontony,Skleton Tony,skletontony
solana_monke_rejects,Solana Monke Rejects,solana_monke_rejects
DHyU2RueMzTw8QuhRxZqEuAB2Cu7jBYrr1seTognWxyy,Ghostface,Ghostface
solpunks,SolPunks,solpunks
DBDAO-5AnboBVYQPWP5ee3oMSc3gHahUw1qVCxZBKxonkWu35Q,,DBDAO
DTP-CLErvyrMpi66RAxNV2wveSi25NxHb8G383MSVuGDgZzp,,
DMPL-ESkAwegAhNSCFYmmUTn71enSJrtvmfh78ahQTQLAe34g,,
vsy1,Visionary Studios | Year One - Commemorative,vsy1
stoner_cups,Stoner Cups,stoner_cups
Dabi-FwNKbCVGh5NUCrG9jME3QyTJS2zDWxMDzHj6fpGhtwwy,,Dabi
project_tenjin,Project Tenjin,project_tenjin
dskullys,Disarticulated Skullys,dskullys
POWR-48ZHWLbxfM2ytzCgTG1ngPX8U88fcSDdfDRJ8iYdXPGf,,
IM-G4N3xJotMwuYuAh3BKTw8e8qMwQYvsgdWxdF7Gcp4v8F,Infected Mob ,IM
FF-H96Veyq2spYsovFoUpCc9wAC33NTMSy6A4BQ3fUqqoCZ,,FF
CLG-H5sCxs9uPgho4Z2vnNiKGHYbWWamc3WoHXnVUzHeDFt8,,CLG
magicticket,Magic Ticket,magicticket
entrance,Entrance,entrance
tpb,The Pizza Boyz,tpb
zombearz,ZomBearz,zombearz
FC-5GkQ6f9gCmesoopQwviH2XBDEsNbiJZWaAZpvktCFDGp,Fine Cats ,FC
97C2XxaBdrzfv7zV5pBUgJVczNeezte3LAyM8fQPW8cJ,Collection NFT,FTW
mintin,Mintin,mintin
okay_bears,Okay Bears,okay_bears
solful,SOLFUL,solful
FF-EWJsThnX23rc9LwhKpftYmGrKfVGs5gdocjDfv1G5eEb,,FF
stonedninjas,Stoned Ninjas,stonedninjas
nba,Not Bored Apes,nba
CCD-HS5p1VTAEeToZ2PEqNDjSB7nG2MutruMtoPC9B9c7GDt,,
mahogenies,MAHŌ GENIES 魔法,mahogenies
CBD-4XRPYeSDQBHSxsLQ8AdNVQHWAz9R8Yzsc1MUkr8tvyKe,,CBD
GRMZ-A4pUBEit8ddQoouQwceDgWL7gYX59x4PUpMerHBrS66T,,GRMZ
8iGJWBFgECPn3xUtxrTPmCdznRCGwyBTaxQs8Kz194Dc,,
enviro,enviro,enviro
PRIM-CvZY2tZhWEwYnuSoNAjGekmt9Sb5Crhq9DMYTtyup7s4,Primate ,PRIM
2XgiEJJFRV8Q1wtRhMnENuqRCD7wqghqp2GGgyfN1ihv,Trusted Goats,GOAT
moonbuds,Moon Buds,moonbuds
xin_dragons_gen_2,Xin Dragons Gen 2,xin_dragons_gen_2
degendegoddess,DegenGoddess,degendegoddess
yaku_x,Yaku X,yaku_x
FVL-4CneUMyp6FT1wP4qifq4caxBWLN2fHVp4gqF2UGTi6Wz,,FVL
rpcnode,Galaxity RPC Node,rpcnode
TG-8WMHwXfoEwTGPy4ZSnpzaLBZReSZ1aigh2DvHdNF3UHG,,TG
party_parrot,Party Parrots,party_parrot
junkiez,Junkiez,junkiez
theorcs,The Orcs,theorcs
TEARS-6Xc4LByXxzep7HKekQ1842HLujrQou8Dc7kWohJrnmAn,,TEARS
monkelabs_dao,MonkeLabs DAO,monkelabs_dao
lifinity_flares,Lifinity Flares,lifinity_flares
4f6bD6bKhAKMfxW2gMVri1ePJBZja8GYpUbzdqen26MV,DUCKY SQUAD,DS
duckpunkzuniverse,Duck Punkz Universe,duckpunkzuniverse
wisecats,Wise Cats,wisecats
jozo_gators_,Jozo Gators,jozo_gators_
PSP-HoVs3fZtHgf5SGnCjJxp6P4rNpsNhcSaL7a3A3eh8jUb,,
DREAM-BVM1kxWcrpXjZUicUzGvLoGngoATL6WhMddRnz3tcgPK,Dreamer ,DREAM
3dBvMFJZ5kEbjCUVdfEwTP4vjAxFNWtaP9aB36xxwffr,Flippin' Rabbits,FR
RR-5TMxLYJHVTAQ5oDk6LUn7TgpWR1iTPswLifQHDZtm9SR,,
gangsta_gators,Gangsta Gators ,gangsta_gators
bit_birdz,Bit Birdz,bit_birdz
orcars,ORCars,orcars
MOONLY-J6JxNxB5Gt1UVzV9SAGLT8NXbrJsJ8ZoS7GgcTTNWjic,,
Skellies-iMXMAMZATdKCmsaaKpYyGZu51nauuWBBjV8q6h9Q7Qa,,Skellies
mushroomracers,Mushroom Racers,mushroomracers
ffsmb_wu,Fast Food SMB - Workers United,ffsmb_wu
tmdc,The Monkey Design Club,tmdc
lape,The Last Apes,lape
parcl,Homeowners Association (Parcl),parcl
carton_kids,Carton Kids,carton_kids
UNDEG-6jnxhUA8Qcqu764rd6axwXYurHPypZbkR9xoYPEQFGgN,,UNDEG
citizens_by_solsteads,Citizens by Solsteads,citizens_by_solsteads
fellowapes,Fellow Apes,fellowapes
smokeheads,Smoke Heads,smokeheads
lizardeyes,Reptilian Renegade (Lizard Eyes),lizardeyes
null-6unJUYtm2okr9aBEqhDp8dQpKW5jfJ2XufDG5kTLHL5b,,
royalpantherempire,Royal Panther Empire,royalpantherempire
folktales_of_lunaria,Folktales of Lunaria,folktales_of_lunaria
new_world_monkes,New World Monkes,new_world_monkes
space_robots,Space Robots,space_robots
magicmushroomcrew,Magic Mushroom Crew,magicmushroomcrew
mellowmen,MellowMen,mellowmen
EB-4XaU59XqLSyYWtddZrEfBzHcuPqH93HQQGkrrAR18iT5,,EB
degenerate_bear_syndicate,Degenerate Bear Syndicate,degenerate_bear_syndicate
JS-9EjRje8w4bzk6fPeVUxLqTUXBfcyAtDRr36unAeSvFKg,Jikan ,JS
meerkat_millionaires_country_club,Meerkat Millionaires Country Club,meerkat_millionaires_country_club
5xpGTsSARPs2xcrFy2bEphvzTCp5DPyMiBs72Dw1L4CT,SkyBuddiesDAO,SBDAO
cosmic_ape_crusaders,Cosmic Ape Crusaders,cosmic_ape_crusaders
TLA-6CsCdncVo89xc7oeMggMVywq56E2rN6PaDgaf1C5pqvc,,
FS-6EUxA9jbCAETTLym9DaH3YWEwpmdedfmEdqSFjVgYDqF,,FS
SSS-D7uWZmhHZtT21Yen68k9ie3ywvcBtxfBA6P2SqLwZVVd,Stoned Souls ,SSS
dopeheadz,DopeHeadz,dopeheadz
HEAVEN-yJgdXpuQ6Sv8JFgtEEfBBRuqr9cFnS54PFdH88RBmQv,,
6f7pXnHFsXDCHXhAa86Xa13RTy9nifc55u4qiLdSsNfx,DEGEN MUMMY,DGMMY
NOBUNAGA-D883KsVjvf77AHVnyFVs3N6SPHsvcuAsckt52FGR7rsH,,NOBUNAGA
MTN-63pKnGCxnL5Xyzyg2LqhngEWGVu6GASBQ9agz7hdSgKx,,
H4JP3yq2uMSn2Z9FVxHaKrV9fKx2gK38nVLs8kH3x3D2,IO,IO
sugar_realm,Sugar Realm,sugar_realm
the_fracture,The Fracture/Omnium,the_fracture
melt_labs,Melt Labs,melt_labs
lizards,Reptilian Renegade (Lizards),lizards
MNSTRZ-CSb762GTTNYNkFavFwN4bCaoqeET4WShT7zWeeF2eiWy,,
MM-Eh9K7CnUr5B5TAHhcy3Kcmu845MXbD1x8zJqCf9a9KQ6,,MM
penfrens,Pen Frens,penfrens
MP-3LqK3LbmMV6PirrWQi6vQsufNMkx8V12vV1eW6CU2noZ,Midnight Panthers ,MP
GhdNV6Wo9AevPYiLzEdpRDPs1ej3vv399YwvJcfrQSbm,Collection NFT,PaPe
debonair_degen_hawks,Debonair Degen Hawks,debonair_degen_hawks
marshies,Exiled Marshies,marshies
regulated,ReGuLaTeD,regulated
CTW-HeTtLQ7XgMDjjApWR5h8Ur8HcbiezNz7Gm8qRCscWNL4,,
danger_valley_ducks,Danger Valley Ducks,danger_valley_ducks
CoCh-GAzT14zJ4n6eJqx5EsrQEa5LSHKXpPfujh8KaJkti7D6,,CoCh
degens,DeGens,degens
planetarians,The Planetarians,planetarians
KM-4Mk9m6iqsVAisdWwNcinofcKgR23k45X7Xae5ATcVS6L,Kaizoku Mechanics ,KM
okayminds,Okay Minds,okayminds
nekoverse,Nekoverse: Origin Quad,nekoverse
brs,Brainstoners,brs
lebois,da bois,lebois
CC-9kfA3RxiRVRLqKPwogehZSLTKu3Cr7WnJHiC7CaEAMge,,CC
mitsubears,Mitsu Bears,mitsubears
jungle_cats,Jungle Cats,jungle_cats
rowdy_lambs,Rowdy Lambs,rowdy_lambs
TD-Aiwxhcwsre23ufV1WJZyvBCxCpS3vigXfLtU6EPyWa9u,,TD
LS-8jttAmtAaB7AuDiuEzxwRkqS73TCDYJ3CKZispNwvnAN,Liberty Square Pre-Reveal ,LS
CC-9EHkQNTkYxAkNWy37xDUn2GhRcqdUkvzmynCqqyZT4cA,,CC
FLNHt8qh8CWQk13XrRBhTrdJHUCamMBimL8mTRVNDX5o,Already Bears,Bear
fab_punks,FAB PUNKs,fab_punks
BIT-HcLsVkRVxFictncscaT8jqfr1r3cBFVJohjwHUr5jxCy,,BIT
6rings,6 RINGS,6rings
slotzombies,Slot Zombies,slotzombies
cozy_pass,Cozy Pass,cozy_pass
starbots_robot,Starbots Robot,starbots_robot
tamashisoul,Tamashi Soul,tamashisoul
PEPE-8wfC5rf7zM9Krha31iunCVs2kR7RjCg7jzSZQ5rX7uYH,,PEPE
6VUy8vDMJNwYrf1PKx2fmce9tB9qaRSFhuctcqQ2YTDT,Angelz DAO,ANGELZDAO
candydealersnft,Candy Dealers,candydealersnft
AY4tyDRE3MicaYZjXY5psfB8PGYho9TY9F1cTF62YiSp,Pig Power,OINK
sighducks,Sigh Ducks Generation 0,sighducks
YC-AMmsABR3hfK9P4pkzdN5ckVzrEfJJiLuYn2gjE9Zv5JL,Lost Pirates ,YC
slime-5JkrVhB9kpx9gkzF2Ns8K7oJ8ubnEoqLFYLQvAcAXr3c,,slime
kirin_kingdom,Kirin Kingdom,kirin_kingdom
fadedfoxes,Faded Foxes,fadedfoxes
EW-52FFky1M7b8tNCVnUtseM2ssbNWViUqEwLgkQToxAykG,,
squidwar,squid_war,squidwar
solbeanzpfp,Solana Beanz PFP,solbeanzpfp
doge_track,Doge Track: Genesis Doges,doge_track
VC-8wACNDCJiPVVxfrFJRUYkJx4hQgvcoZggMXKmNvjQ6R7,Vandal ,VC
ancient8,Ancient8,ancient8
nftrees_solana,NFTrees Solana,nftrees_solana
alphaalerts,View Solana: Alpha Alerts,alphaalerts
enter_the_jungle_,Gangster Gorillas By Enter The Jungle,enter_the_jungle_
TRUE-EpYX6JCNG5cV4NmRyxfRPH8zyn7EYZ77z2duxJwL9RdM,,
-Bz4wrRTtGSSTSDL4XMRrwUZ68zH6BYu6oW8zjnEiGLcY,Camo #1,
worldofsolana,World of Solana,worldofsolana
goofiez,Goofiez,goofiez
KODS-DxrDQJmQSv4Cc8yPog3QTcTxS29iytpYDKAERcTdSZbr,,
zion_labs,Zion Labs,zion_labs
tekashi_senshi,Tekashi Senshi 次及,tekashi_senshi
5EHVcKMhhEeuSWUK5XyZdqnT3gfd8C64D24WYVS8FtqD,Greedy Ghosts,GG
we_are_the_walrus_watw,We Are The Walrus - WATW ,we_are_the_walrus_watw
LSD-2Eku7vZnU5zqsoXdwwFUcquQLuDEC78WCJoZgyNBzT96,,LSD
fatmonks,FatMonks,fatmonks
NH-GBfbssZSGeDYLJ2gqii6FRArHTyTRrx7vnFkzfa4hzoX,Neo Hunter ,NH
snapshots,Snapshots by ZvK,snapshots
MB-9Cvhge3TjEQQvVx3gT93PtjUeVrrHcdGGgEvnzMtwh3S,,
LOOP-1wm3QiGfutveSQKjL2WULJ6XXmqW8gDiikPHNmMUMGb,Loop Bender ,LOOP
dope_cats,Dope Cats,dope_cats
HM-8Zywtu3njh6fbVupwquQF8aMEeJ3VjaCgBU9UT8REBxt,,
dashsnipe,Dashsnipe,dashsnipe
sniper_cove,Sniper Cove,sniper_cove
hidden_boyz,Hidden Boyz,hidden_boyz
stonedape_magic_js,Stoned Ape Magic J's,stonedape_magic_js
7Vq98G1E7vVb2p49E7yY4nWgBWqBKjF4Zc3YtNV3XU9F,Collection NFT,Chanpuru
metahelix,MetaHelix,metahelix
HX7fsAWEgRYXVujsg547iA2B8qYeTWv5N8mKSrTn1LtB,,
bitmon_creatures,Bitmon Creatures,bitmon_creatures
NOOD-7FhDGUjUD8YGGz1qFsd41iLJ8P1JByw2WLCyteaQWtog,,
megam1,MEGAM1,megam1
galaxy_solcool,2022 is Gonna Be SOL Cool,galaxy_solcool
NB-EenZuKuf8Qg9UJBS6dR91punhLaDUwrV1wVzb6JhQCPC,,
nyan_heroes,Nyan Heroes,nyan_heroes
okay_cubs,Okay Cubs,okay_cubs
GFK-C3V3itdMuXYiZpGQvsSCNhiD7x62JkUxSByAKM3trYcg,,GFK
Hoodz-5625ZV65LLyeijqV4curPABJY4sjmFfReFx9VodAhyp2,,Hoodz
vision_boys,VisionBoys,vision_boys
party_bears,Party Bears,party_bears
GOON-8UWa4W4y22Z3FchGTJvzeBK4kcyY3FgDY6YvBs1K86XS,Cabal - Genesis Goon ,GOON
mutant_bears,Mutant Bears,mutant_bears
moondusa,Moondusa,moondusa
sol_kitties,Sol Kitties,sol_kitties
blocksmith_labs,Blocksmith Labs,blocksmith_labs
businessdogs_p2e,Businessdogs P2E,businessdogs_p2e
8G3Tbj1CLFV5HVKDA9MHQ1W8vSFVFafMfodQuy6WzeS1,DigitalCrackHeads,CRACKHEADS
bunniesnhomies,Bunnies N Homies Club,bunniesnhomies
7NZs4zMY3pdRU6RhMctkq9LP2UoguAEyb5DvVqRSXHDS,Inside Out Friends,IOF
dyor_nerds,DYOR NERDS,dyor_nerds
LilGhost-2bnpJ7MZqkYo9oEJKKjzXMU9apPYiEe8Z89Ao8wTjEET,,LilGhost
galaxy_robots,Galaxy Robots,galaxy_robots
famous_fox_dens,Famous Fox Dens,famous_fox_dens
UNIREXCITY-67wUomiKg7joQmaf9MiSeCc656WSMBPk5imVp6MfDwnB,,
ppn,Past Pals ,ppn
DMa29D2zCzoCCarGCuGEffdmCsSywhNQzx3YWYyaD4JZ,Solana War Apes,SWA
pancha_triads,Nekoverse: Pancha Triads,pancha_triads
GOONZUKI-74nJjBvLgN97HiKswSCe7D5PueW8UaJ8mTkzuSs8d6gN,,GOONZUKI
dracula_game_g2,Dracula Game Gen 2,dracula_game_g2
skeleton_crew_skulls,Skeleton Crew Skulls,skeleton_crew_skulls
BB-9GSoiDj7uvp6tAXKGrv833adY4L2omBTbxZefoZsXWA8,,BB
mutationbears,Mutation Bears,mutationbears
WWW-H1Tpkm75YBPBqhASQgGQWTYkTjrQv1vUhn3pJiznm7Bi,,WWW
thugbirdz,Thugbirdz,thugbirdz
13F4dhfkRuwUMntqMPqsfp2vbYwDjR4C9GUMyEM8Fqof,Yako Dogs,YAKO
botborgs,Botborgs,botborgs
horns_vs_halos,Horns VS Halos,horns_vs_halos
DSC-9CRoSrJr1gdxMXg7vBb87vqxFPqvHWitQoT9aaSyqKc2,,DSC
Katana-HV1a4xGGetVds1gYyYG2Dae4FgB7oL5BVzeJNRF3nFeb,,Katana
24k_gorilla_club,24K Gorilla Club,24k_gorilla_club
miners_of_mars,Miners of Mars,miners_of_mars
ghost_kid_dao,GhostKidDAO,ghost_kid_dao
ARKANA-Dh565Zd7qiCKofcxAgnPJPEZdK9L4eDzf6Tghq4rLRZi,ARKANA ,ARKANA
SKULLDAO-4TRCfNaEf8kjZcUmMYuwRA9NNXZrBvicYoYHnmyyFizy,,SKULLDAO
the_vaultx_dao,The Vault-X DAO,the_vaultx_dao
cets_milk_bottle,Cets Milk Bottle,cets_milk_bottle
aquaapes,Aqua Apes,aquaapes
SC-Hb9c9hdowqs6WZ3B9uQhmpK9SfFwkDFUxqSAwAhDtJqK,,
MAD-42eNPNH8PpKz12K1EecsX6JsgWwjc7ro6AG923qi5dCY,,MAD
Faceless-9FyAft6gQdeqrfNjkRvCs4TQmPqFbNXSXC6ocrd7tX62,,Faceless
SD-CVTW2UK51CxFCidnt3jRYkSGgWW2aJLAZCYaMU9kYNYy,,
DAM-BjQEGKZQAXUL3axBfA8iwB4pTnQWD4WYQ8Qvcyhwr2Uj,Baked Beavers ,DAM
solgods,SOLgods ,solgods
stayfly,Eaglez ,stayfly
BAIL-8BG7YY2tHagJz6xdYmXwHUNxaUKSzQyafr4Nsa2PmyeT,,
trippy_kidz,Trippy Kidz,trippy_kidz
HT81BRvWvj296jCkcmiQf2kNr6zqmcg735xxM3kaupwo,KUMAKI,KUMAKI
DEERS-7Mmajx6JEJnN4QTzT66wjfzLbNHFgaq3zrXyCmcWkL6R,,
galactic_snake_eggs,Galactic Snake Eggs,galactic_snake_eggs
SS-HL9XRMkA78zqGPyEReYmteSzo3owi57J1dVhzGtexoGi,,SS
solstein,SolStein,solstein
COPETOWN-G9Sxrod2dcEnrt3ePSTXk5K1MiA3829atLxAK4GppPfZ,CT ,COPETOWN
spp3d,Solana Puppy Pound: Back from the Metaverse,spp3d
aidegens-Gv1NoVVMks9DiRyqvCJWnkmexKtLcszQR5EUnHHwutWd,,aidegens
GG-G6m6Fzm5FUeBxNiKD1QXMotZ7YNE9UnPRGLSBu7LRkX3,,GG
broks,Brok's,broks
desolates_metaverse,Desolates Metaverse,desolates_metaverse
doodle_gods,DoodleGods,doodle_gods
baby_degods,Baby DeGods,baby_degods
SDB-CKBAHtrAvCZAAShwsnFysf39aPeehtrEfLPpqzkMESAy,,
GREED-9HzL2SmTKsk2qhaFUKvEsZ19ZDoCdAZ6Lv3KLS4sUfas,I Am Greet NFT,GREED
yokoito_crew,Yokoito Crew,yokoito_crew
shi_guardians_by_solanafloor,Shi Guardians by SolanaFloor,shi_guardians_by_solanafloor
Neckless-F1UD17zDE6j93eCxWrt5mfnVHuDewWmiPbfdKz1faLA1,,Neckless
br1_droid_operatives,BR1: Droid Operatives,br1_droid_operatives
pop,Punks of the People,pop
magnum_ai,Magnum AI,magnum_ai
decimusdynamics,Decimus Dynamics,decimusdynamics
5vryiUVMKLNB5t78QF8sdUvPhm32EN9Ny3Hg31hf4o8j,Cultured Kongz,Kongz
WAG-BD4tUAmdQ5uLWDWzsJL95YQQrFbFGdULDk1DRgpjmj1h,,WAG
forest_apes,Forest Apes,forest_apes
thugsteadznft,Thugsteadz Estates,thugsteadznft
RoC-2ZuCVQvPC79aujK6sjHQs5MJ1EgqdAFq8X78skfTzSBd,,
WHTCAVE-2mTrKCGcRd9Xj99rDAyU8shnHjd3KcW5CGmiCBw5Ua1e,,WHTCAVE
null-EQmFZ22zSxvuP3AHdkS5jLvGKQKsG1MwHpMeLkZZeg7E,,
cyber_pharmacy,Cyber Pharmacists,cyber_pharmacy
SCIENTIST-EEjA4E9bw3zin34pNvzFSxRmZZCtrHGwy4tdVBT3YJaN,Monsta Scientist ,SCIENTIST
null-1v2nm9zVKz24LoP5LWX4aKu3S2nmbDocoZi2zeP4tBa,,
SD-AsrNoy4pvw8AFpVTA7ULeZggixNYQUv1CzKK84oW6KeB,Sniping Demon #1,SD
bokun_geckos,Bokun Geckos,bokun_geckos
chiru_catz,Chiru Catz,chiru_catz
yaku_corp_capsulex,Yaku Corp: Capsule X,yaku_corp_capsulex
3d_boogles,VAMB,3d_boogles
WOB-Es2qhZARvTDe2eMQJ33BuwbDaNcZhUS5NfavqFMyHDyk,MegaWob ,WOB
diamond_town,DIAMOND TOWN HEADS,diamond_town
mythsofmyrien,Myths of Myrien,mythsofmyrien
buddiezz,Buddiezz,buddiezz
monk_mafia,Monk Mafia,monk_mafia
dope_pirates,Dope Pirates,dope_pirates
glyphbound,0th Edition Kami,glyphbound
ladyboredbears,Lady Bored Bears,ladyboredbears
sick_boys,SickBoys,sick_boys
deciphered_letters,Deciphered Letters,deciphered_letters
Classee-F7EXPuAqpweUk6t1jGs2BNQwUDcvJfPMgCjh1QWxAfDV,,Classee
lux_real_estate,LUX | Real Estate,lux_real_estate
suaveseals,Suave Seals,suaveseals
floatingapesaffiliation,Floating Apes Affiliation,floatingapesaffiliation
skatex_founders_edition,SkateX Founders Edition,skatex_founders_edition
FgP1nJXbUFUCU9k6SuHGcBRLV9uQUSB6NJNFPVi7x3Ca,Debu,GetPhat
PDAO-ViChdqdL84uo7XjA3SrDf66BenPhbNMptyW1yvvKYc2,,PDAO
sxs_solvivor,SoldierXSolvivor - SOLVIVOR,sxs_solvivor
smoky_ape_basement_club,Smoky Ape Basement Club,smoky_ape_basement_club
HCK9HkNxGoQdypa3JyPsbNHfCWhtT8xhDH4g22i3sd8u,Collection NFT,RTA
vibecats,Vibe Cats,vibecats
buffbears,Buff Bears,buffbears
GGG-DpQW2WgFXPFegPiD81AMBEBvz2QpdFpG9CDm9JkSFCA3,,
SHH-GYa915Qk8NiAjvEM3duzmXBskpbzCApVnbKtdj6Fykcy,,
ractopia,Ractopia,ractopia
joe_shmoes_notsoaverage_club,Joe Shmoes’ Not-So-Average Club,joe_shmoes_notsoaverage_club
honshu_wolves,Honshū Wolves,honshu_wolves
br1,BR1: Genesis Apes,br1
Dezen-GvFwZpY6HwWVofDmUk3g1huH8XZYhQR8SwzQgg5DoPxe,,Dezen
xapes_lab,Xapes Lab,xapes_lab
MINIROYALE-EoYTpE5HuTaXkN2AWDAgGA3JbhtPdeqnUiY9rdG7hMf,Miniverse Weapon #1,MINIROYALE
kiken_apes,Kiken Apes ,kiken_apes
MGNP-48vngmg4wHaj1Np6XWUjxqyNbjHJTzHqXkM4NvaVxUXK,,MGNP
DEDAUR-HUTjcLTGcZZhuKSURSxHUpT83EKxMhxegodvn8Jnrfre,,DEDAUR
such_shibas,Such Shibas,such_shibas
WO-5jDFve4kMkRHTWs6ERsTeYgfAXkCkH11vCpsTenHjTRR,,
DGOLD-Bir9vB3u3b8DqAQ1ZgBU93A5FtJBQJu6Pr4AyJQMiNqo,,
thebuffcats,Buff Cats,thebuffcats
godz_of_solaria_,GODz of Solaria ,godz_of_solaria_
astrals,ASTRALS,astrals
seashanties_oldatlantis,Sea Shanties Game: Old Atlantis,seashanties_oldatlantis
the_golden_woofers,The Woofers,the_golden_woofers
mininglabs,MiningLabs.app,mininglabs
DeGoths-8TCPgJWWGEuhwafTSiHpCzQRCBtHj4g4ci1n8cNXs2jr,,DeGoths
soul_snatchers,Soul Snatchers,soul_snatchers
dapper_apes,Tata's Dapper Apes,dapper_apes
quantum_traders,Quantum Traders,quantum_traders
DegenFruit-CFhNhixapGo65xgDJPgYatKAQ4AMRmqSmj3CBr2vbuHo,,DegenFruit
2k2ckv8zsB9qMWXxsTPyhvi18m453RutwHBPeU7sHLbP,Cyber Degens,CD
undeadcats,Undead Cets,undeadcats
forgebots,ForgeBots,forgebots
SENZ-7tfLLCjpNZWiesNy6zW5RQ3Z2GtdabwMPhcqxJLG68gN,Senzoku ,SENZ
blockparty,BlockParty,blockparty
daku_reapers,Dãku Reapers Resurrection,daku_reapers
psyker,Psyker - Keycards,psyker
ARC-ESWcNfagB4ixp5byYRAwR8VrsrX9FMpL2D5EPZD8ga8Q,Annoyed Rex Club ,ARC
TBNY-C3Sqc8TjtbTTjze6TxAaaJtyhyf3ncogqVh5L1MAmNx2,,
the_suites,The Suites,the_suites
aiternate_holotabs,Aiternate - Holotabs,aiternate_holotabs
chillingapetribe,Chilling Ape Tribe,chillingapetribe
Duck-BxK8ArM4VMBGNE96m8BjpD3NcrSvCrK6kwjV9JHKCtuk,,Duck
ZOMB-C4eNBWvcp9tmv1PYVd19pCjYKDvei42xzeZB25bvBh9Y,,ZOMB
soul_of_hidama,Soul Of Hidama,soul_of_hidama
1aPvbj8bZxxFQBG4YWWs9MskAUCvs72eKPhGvMTd5gj,Doozed Dooks,DZD
bushidosociety,Bushido Society,bushidosociety
PF-3GSkEqBHZuKCwBk5xWT3TbSY8mQPx8uQs94c8xz6T5rm,Phantom Foxes ,PF
cets_on_creck,CETS ON CRECK,cets_on_creck
SDAO-6FqsvtxS8VHr4jBQWF6v1jsSpJL7Q8WkpzzD28nowdKy,,SDAO
communi3,Communi3: Mad Scientists,communi3
turtles,Turtles,turtles
solizens,Solizens,solizens
POG-2EC7gSMnCh6aad6B4qbAwGLbcWyUyV7zURkeiQdv2nXV,Founding POG ,POG
dea_dogs,DEA Dogs,dea_dogs
balloonsville,Balloonsville,balloonsville
NDB-AP8K8wmPcZCZM3kjNxcA2PxBQ2hUAEMBVi63GziHNpjX,,NDB
bongheads,BongHeads,bongheads
buxon,Buxon Development Group,buxon
FNmtHDohENhHftsp1rHf9Ka11KL5BHcmefo1SdjzN3sy,Toothache,toothache
lost_lions,Lost Lions,lost_lions
dinos_zone,Dinos Zone,dinos_zone
sea_shanties_citizens,Sea Shanties Citizens Gen1,sea_shanties_citizens
GAGMI-GynXUqzQE3PiBjVBfxzNt155emYNaX6DT6yQdYegQt8J,,
KOAL-idNxUBcr1rYsknh7SSZ996djhxp6kshQAs32MSFYYTd,Sluggish Koalas ,KOAL
goi,Gates of Imaginarium,goi
DK9w4zLycvL3JsSPeCns86iTTg8PrKtk8pATdDMbhXH1,Crypto Cowboy Country,CCC
dthshampoo,Diamond Town Heads Shampoo,dthshampoo
mongomons,Mongomons,mongomons
galaxity,Galaxity,galaxity
sovanamounts,Sovana Mounts,sovanamounts
SHADOWLORD-DvHAzrYRHScf5KrD9x7XCAoW8xCSxSuNVNWoG8GaRPpT,,SHADOWLORD
STC-2hQet61JomSz5nGdCMLDxjYWsdiXTTJvE4LJZuVYcgp9,,STC
dinodawg_kingdom,Dinodawg Kingdom,dinodawg_kingdom
degen_donkeys,Degenerate Donkeys,degen_donkeys
CHILLDUCKS-86tuLe9UbCJ9YtQiNtWfDYhMHA72bAWEzes91cgYyc7L,,CHILLDUCKS
lotus_gang_nft,Lotus Gang NFT,lotus_gang_nft
tlbc,The Lofts Business Club,tlbc
UA-F9rKwo1xaGVw5o9vM4LXYf5YW9kp6PJce5hHf81ybWHa,,
famous_fox_federation,Famous Fox Federation,famous_fox_federation
wTOOLs-AYDvrEhnbCzZSxmLEDmmy2xSouE9VSgSuNRrXsuKe5y3,,wTOOLs
GE985PAJpMKD9E9h83prqgvpp1F2F8rZ9DVNY53fm6XT,Collection NFT,TMKEZ
H7c5m51bk4g3bQWei2tZ7k9n5wiKbpeHAREy8db6grnp,Olympus DrakonZ ,DrakonZ
boredbears,Bored Bears,boredbears
NAH-3MZgPakYJj4asgVFwXzhaeD5FBK7BT9hiFa9YoTYMm3Q,,
ragtags,Boopieverse: RagTags,ragtags
infinity_labs,Infinity Labs,infinity_labs
baby_dino_king,Baby Dino Kingz,baby_dino_king
rumblemonkeys,Rumble Monkeys,rumblemonkeys
portals_standard_citizen_cards,Portals Standard Citizen Cards,portals_standard_citizen_cards
babycatliens,Baby Catliens,babycatliens
4FFew3QMmeebQx9kz8LiWc1DutixGmbmN5j9zxNBbpRY,STOOPID Apes,STOOPID
PCSL-9CMzbhMAmhVtNb4gQnadcmznQbT5fw4UVejwNWpqQsuq,,PCSL
abstractart,The Abstract Art Pieces,abstractart
genesis_genopets_habitats,Genesis Genopet Habitats,genesis_genopets_habitats
undead_sol,Undead Sols,undead_sol
pWxj8yUvXVEo2GwjZJQcHKtxhyWeEhZc78tF29T51fp,Misty Mallory,MM
DCB-C3ZgP8v2fGUCVYJgSseeegpj5yzHWd2tBi9TrWsGmeZm,,DCB
midh,MOUS IN DA HOUS,midh
crypto_coral_tribe,Coral Tribe ,crypto_coral_tribe
fearless_bulls_club,Fearless Bulls Club,fearless_bulls_club
gator_squad,Gator Squad,gator_squad
fungies,Fungies,fungies
scarecity,ScareCity,scarecity
EeZ7D89a1w8thgxB7z4WoGKN9AXgnCpco27HA5cwyTrq,Intruders Club,Intruders
the_eunoia,The Eunoia,the_eunoia
nifty_nanas,Nifty Nanas,nifty_nanas
SDGN-4xvqJZzq4sUnanhNuBQ3Xntmhy1W75TTdEKupdJwHxHb,Saint Degen ,SDGN
Neko-BL5YtXWAWQAiQb6u23e1asRsrzWTcM8sN3Svk8bQgog4,Nekomata ,Neko
slacc,SLACC - Sophisticated Lit Ape Connoisseurs Club,slacc
boss_bulls_club,BOSS BULLS ™ Club,boss_bulls_club
yokedyetis,Yoked Yetis,yokedyetis
saigo,Saigo Monkeys,saigo
starbots_parts,Starbots Part Collection,starbots_parts
tiny_colony,Tiny Colonies,tiny_colony
BGB-DTXRnNyYj72aZtFuVs71gLWus2C8SHnvPeFhWd6rNAhg,Bubblegoose Baller ,BGB
samuraiarmy,Samurai Army,samuraiarmy
cubistnft,Cubist Collective,cubistnft
dream_apes,Dream Apes,dream_apes
AzDz-FVqZZ69L3LbiPYStnWDR89CehVtcCK8HrUWEb8Mu6Lfx,,AzDz
thegimmicks,The Gimmicks,thegimmicks
wastelanderz_comic_book_001,WastelanderZ: Comic Book #001,wastelanderz_comic_book_001
tombstoned,TombStoned High Society,tombstoned
DDD-GzZstSfaHKygpLc5UdXdz5Soe4gURRGZZwKuCCJK9nUC,,DDD
curedlabs,Cursed Labs,curedlabs
pitcrew,pitcrew,pitcrew
mystery_monkey,Mystery Monkey,mystery_monkey
LAB-crRHEvXrQCnKoGCqEGxCWDuW6f7SekufAQH7TfqNZap,,
apes_on_space,Apes On Space,apes_on_space
skatergators,Skater Gators,skatergators
DEMONS-8kDMfLSown2vFMEw7MnsUssGuRYXBBneyz6Q8jtZRBGt,,
4Lfzrs36BavDibv9gwuBB94br4PVShkX2E58s7ju9krq,,
FjnHKNsgupwXU9qyzqMegswYunc7FXAqPFRDriX4Ld3u,Cool Kidz Society,CKS
portals,Portals,portals
almost_famous_pandas,Almost Famous Pandas,almost_famous_pandas
apesofwallstreet,Apes of Wall Street,apesofwallstreet
CTKJDAO-DaHfxmE8ALRMpt2nC242h6VQAzahbY51TwqRQ5UymX9Q,,
Marvelous-9nMPTd2FyTb4tSjYgwQju1uDFjvaxnvyoVz87LzZZPTA,,Marvelous
solana_money_boys,Solana Money Boys,solana_money_boys
pixelpanda,Pixel Panda Crew,pixelpanda
catchking_explorers,CatchKing Explorers,catchking_explorers
piggy_sol_gang,Piggy Sol Gang,piggy_sol_gang
moonchasers,Moon Chasers,moonchasers
DeYetties-8K8z7s5ZsbpFQUkcKGv37rF7gCsfBwHXommMinkjftoT,,DeYetties
cryptocubsmutants,CryptoCubs Mutants,cryptocubsmutants
grim_syndicate_lordryms_workshop,Grim Syndicate: Lordrym's Workshop,grim_syndicate_lordryms_workshop
funky_fellas,Funky Fellas,funky_fellas
FLIP-AunnvCPhx9RQoxuuouzx2HAn6XwY4ATJVWagw4Lck9Qt,,FLIP
solderland_bunnies,Solderland Bunnies,solderland_bunnies
2yq73uFibb3e1YV3gpxXPHDWicudqjfsWEpKoezTm53q,Zuku Stags,ZS
chillcubs,Chill Cubs,chillcubs
ss-5aU8WmAPjAXsTbEgMHDTzcogAj5MYDmHgTk4Xoc2ChYY,,ss
alpha_squad,The Alpha Squad,alpha_squad
radrugs,RadRugs,radrugs
faceless,FACELESS,faceless
spwngods,SPWNGODS,spwngods
komradz,Komradz,komradz
2qSkkBHSGQUgV7NjKrZEajgzfEGPr8FNdTsSSRnyudwH,DegenBoyzDAO,DBDZ
spacegeisha,Space Geisha,spacegeisha
hydrascripts,HydraScripts,hydrascripts
FF-6ryaVy73Qu5ndZmie7dvNqjxMeT6CzXu1vcTqpLLwMRT,Fiat Fighters ,FF
drippies,Drippies™️,drippies
pixel_panthers,Pixel Panthers | Co-Own a Bank in the Metaverse,pixel_panthers
8PmohxqBXpNazEpo6ks4wTV61d7vUEhm4deYDMh9M4R8,Shin Sengoku,SSKU
monkeback,MonkeBacks,monkeback
CDD-D6twZ5tPeXYjyaxeh1NEBRkW3ipcvBEn5Cb8JZU4BUgv,,CDD
SSO-HUwHMEWVSyg4BaN4V53g5qKDmg1PCZ8ggJSiyQTmZkST,Susanoo ,SSO
exclusive_epic_dragon,Exclusive Epic Dragon,exclusive_epic_dragon
matuki,Matuki Labs,matuki
Spooky-5MTfSPdTY7Ghwv34i9ZVaQBdcXVcmQMvkxh3TuhRtdvs,,Spooky
novapass,Nova Pass,novapass
RR-HeASiTrTKDAtWNyFmftNg5FMijxKAgTsE5LBEg8tRwYk,,RR
DRC-DZNnyXF4YvCgWoiLR6JUyYQssSwrqzG96frVbkc3RXka,,DRC
stranded_unicorns,Stranded Unicorns,stranded_unicorns
orc,Orc Racing Club,orc
trippinbears,Trippin' Bears,trippinbears
3NDa4uYf1He6ZEkXifQtrTxUAXnwGc82Bmb4irdqSAZt,Unfrgtn Orbit,Orbit
pengu_bots,Pengu Bots,pengu_bots
neonexus_golden_tickets,UNLOCK DEFI - GOLDEN TICKETS,neonexus_golden_tickets
LFTZ-C1eQHv57pWybhyGWqLyVYtRpMJhKy5DGL4iuisScnEzU,,
Sharinja-4q57KnX9PK52pbSND77bE7cxxCdRKy4HDLocDiwuZiTR,,
strandedcactus,Stranded Cactus Club,strandedcactus
hockey_heroes,Hockey Heroes,hockey_heroes
cartoon_cartel,Cartoon Cartel,cartoon_cartel
kidztokyo,KidzTokyo,kidztokyo
the_bridged,The Bridged,the_bridged
bready_bunch,Bready Bunch,bready_bunch
$notifi-4DyoBc7mp8AjGUy5Ux8EWkp4g9SZw2znvyzsZ6GGBFUi,,
MustascheD-8KNwRbiKWFe8nkf9GxgF3S3CJfgnV2cBdHn6PJVaBGL5,,MustascheD
nftabs,NFTabs,nftabs
IF-7M2AdgTVcw4hkjLCgPdahn4JYgw9QCMRRbU5UqFtLBYU,Internet Foxes ,IF
the_northman,The Northman,the_northman
kleosnft,Kleos,kleosnft
cheetah_coalition,Cheetah Coalition,cheetah_coalition
cardboard_citizens,Cardboard Citizens,cardboard_citizens
foxtopia,Foxtopia,foxtopia
happyhippos,Happy Hippos,happyhippos
angry_armadillos,Angry Armadillos,angry_armadillos
slowlanaslugs,Slowlana Slugs,slowlanaslugs
BCBY-AKxW3i1XuemPot1xmYuV4ezqX3cFULx3ZyAzHFkL9ooV,,
aos,AGE of SAM,aos
dragon_slayerz,Dragon Slayerz,dragon_slayerz
solqueens,SolQueens,solqueens
angomon,Angomon,angomon
solsnatchers,SolSnatchers,solsnatchers
2105V-31FN2M5T2qiiZfhui954otBbr3RLz7mGY8zAwr15LdC6,Voyager ,2105V
kamakura,Kamakura,kamakura
flamez,Flavor Flamez,flamez
atadians,OG Atadians,atadians
encrypt_souls,Encrypt Souls,encrypt_souls
Infected-EaDHHUmcRGiCHVt4icju8gXHhEYnrZHkjwYrEXTaxcY8,,Infected
solminator,SOLMINATOR,solminator
Fa4zJ1zrRjKLTbVwZBkRZkMPBp1mTbsHvHL8C1RkVWEc,Just Bear,BEAR
DY-C2RgVj3auVf3CVTfo2RUMXZReF637junJ3PMrpe4SE3,,DY
kozy_koalas,Kozy Koalas,kozy_koalas
cursed_scarecrows,Cursed Scarecrows,cursed_scarecrows
invokers_elves,InvokersElves,invokers_elves
TEKI-AQoXfxPjNmFDBqydht8ZN235SkRYRg7Qig44szVKk8x1,Suteki ,TEKI
null-GAtwtC2eF7UEkJgGGTKMe5Wvjk9VhKQwv55wutmjPSDT,,
the_stone_heads,The Stone Heads,the_stone_heads
Dw74YSxTKVXsztPm3TmwbnfLK8KVaCZw69jVu4LE6uJe,Collection NFT,Bonfida
panda_street,Panda Street,panda_street
neoland,Neoland,neoland
thearchitects,The Architects,thearchitects
the_ape_fam_passes,The Ape Fam Passes,the_ape_fam_passes
MB-9AxfGbtc37YQ5sHfagKa5EmF1uj9Fw4ZYMbZnF3vFay9,,MB
galactic_geckos,GGSG: Galactic Geckos,galactic_geckos
DEAD-8Skkj2N7T378yP5iXNM4as1BDyas3Was7gaq7yvdECAW,,DEAD
hvwgc,High Voltage: Citizens,hvwgc
panzerdogs,Panzerdogs,panzerdogs
KIDD-22NzGAz8hoHKM8VvNK9KQ7rdAx2WMnbMtc2pJi8zrWEz,Delysid Kiddos #2,KIDD
4Q9F3D6Qpc3FnZk7hPW1orGbiTgB7jCGjE2VUPk3fhkT,Bear Market Beavers,BMB
thumbwarsnft,Thumb Wars,thumbwarsnft
FANKY-Aaou9aw7au5U3K7dGXAHoqUhnu5aeZ2QkhT6f6dg7fkV,,
pixelfadedfoxes,Pixel Faded Foxes,pixelfadedfoxes
spp,Puppy Pound,spp
DC-Eey1UcuoF3EXFRoAcowVBZgEbzdjqrfCarjdumTYPU8k,Chimp ,DC
honey_genesis_bee,Honey Genesis Bee,honey_genesis_bee
defiland_gen0,DeFi Land Gen-0 NFTs,defiland_gen0
COWS-AkUzwmPvYav5Wpi9fC5DUhT3FvY2UpDinNw6ekuAMmSv,Cow ,COWS
sentinels,Sentinels,sentinels
mrbot,Mrbot,mrbot
robo_cocks,Robo Cocks,robo_cocks
sphx,SphinxLab,sphx
drunkenapesc,Drunken Ape Social Club,drunkenapesc
yung_money_fullauto,yung money fullauto,yung_money_fullauto
degods,DeGods,degods
NS-BGeKpTTbYeGYDHbsF942sZupgvJrexNPwZ3cdrsvrXjt,,NS
darkterminalhackers,Dark Terminal Hackers,darkterminalhackers
the_club,TheClub,the_club
MHDAO-2yu4Up2XGjyJT9BK1Xj5nAQjqotFXFEN4ZoDYQAPgD41,,MHDAO
cryptopets,CryptoPets,cryptopets
pixel_poker_tour,Pixel Poker Tour,pixel_poker_tour
darleygo_genesis_badges,DarleyGo Genesis Badges,darleygo_genesis_badges
asciipunk,AsciiPunk,asciipunk
NBA-FVaZJkoAnVp3VcC3ezJDraeo3o9aJBX5zqubh1Wiwjoc,Nothing But A Paper,NBA
lazybears,Lazy Bears,lazybears
lavish_lions,Lavish Lions,lavish_lions
Degen-BEy8QHdrV6vqo19yvX6PSDkvgP5vyazKM17CzRk62o3T,,Degen
Hidden-E48ykrnUmvBxtT6sv2geNr1QTRZLqRCZK4KfMSvdFUUM,,Hidden
PINGU-GgATM1fU3MTU5yyz5aMLpYsgMLVGRE7Xt6RYQhAfZVrp,,PINGU
JAPR-9PhdiPWKCkAXprdmzU7MLQ2Jyabnb3LsewaosHiiBSoe,,JAPR
relics_node,Relics Node,relics_node
grim_syndicate,Grim Syndicate,grim_syndicate
AoM-FDFA8RVJtGk2f2TA6x1d9anvFicRBbojiH9ajksNPyen,Art of Mob ,AoM
sol_daddies,SOL Daddies,sol_daddies
familysol,FamilySOL,familysol
BYs5Mo1ZZLhC3UxwqRZQBXsN6MWPFsEc1xHotNLiRwJL,Ape ONE,A1
amg2,ArtMonkees Gen2,amg2
STR-63WNPNbZAyGkmE19Yd8jF4DXnG1fZ6ieDK2k1eYY1krM,,STR
CBSK-9VZfFX3oJf2CCS14oWq8oaquEFn9HwJZsarvo8PKQrNk,,CBSK
dino_kingz,Dino Kingz,dino_kingz
skullbot_biker_gang,Skullbot Biker Gang,skullbot_biker_gang
bitbrawl,BitBrawl,bitbrawl
minermoose,MinerMoose,minermoose
GZH9LjGTVV1HFd314GzmgLsEnMAkVnu5XPH6VCzyZcPt,Sumptuous Stallions,SSNFTS
masked,Masked Degens,masked
TheSaudi-2sni2YDLVcZ2wRy6DTdkeKLwLne9Mvof1TN77SiC7KUS,,TheSaudi
metawana,Metawana,metawana
bullsandbears,Bulls and Bears,bullsandbears
SLZRDS-DEEQAh1cBNBRrXztaH3jbGQcboVDPqqVScGi2mqm1A1D,,SLZRDS
solcrash,SOLcrash,solcrash
MINIROYALE-3TVyY5Tw9CuKj7EJwaawacDqBM5jnbeL1kRUvhDPvxH4,Miniverse ,MINIROYALE
CDC-874siiZq4GedsKiwUyZ2UnckbzxMWTr8jTE7MNTdjALP,Chill Dogs Club ,CDC
theskeletcivil,Skeleton Civilization,theskeletcivil
TPVK-ArSTM8Lae28jt4dpjB58vShDJw8yZmssk3pB9LFU61Tw,Tripping Vikings ,TPVK
skellies,Skellies,skellies
proto_pass,Proto Pass,proto_pass
soul_dogs,Soul Dogs,soul_dogs
frogclub,Frog Club,frogclub
ohmygirls,Oh My Girls,ohmygirls
sbrs,Stoned Bears,sbrs
solfennex,SolFennex,solfennex
metaworms,Meta Worms,metaworms
thesolden,The Sol Den,thesolden
the_fellowship,The Fellowship,the_fellowship
DTZ-FjifhKA8xEf1mbssMPUSsVaqvShyUzz7sYnmihjL5MRv,,
fellowship_launchpass, Fellowship Launch Pass,fellowship_launchpass
taiyo_rivative,Taiyo Rivative,taiyo_rivative
bksp,BlackSpot,bksp
SSURF-5v3tpTWZmn8JCzTFVE3eZLLQhhqSLLmTcRR2DZ8Gx2JX,,
SAKUSEISKU-GYuNKhUcnLPhHCjRfWjmaaMsJdZ9JpPqQpFKyCHwtbVN,,
bitmon_adventures,Bitmon Trainers,bitmon_adventures
the_alien_planet,The Alien Planet,the_alien_planet
XTH-DZwAZfpCkYaYoMT6UKXVDmwrS2GgoDShzu2cv7ShB71c,,
genopets_refined_genotype_crystals,Genopets Refined Genotype Crystals,genopets_refined_genotype_crystals
MTG-2mS1thWS4KWQa4wS914cC3uSzsVXgkMpyNk4Fbf3d7nw,,MTG
the_whitelist_nft,The Whitelist NFT,the_whitelist_nft
chronicles_gargoyles,Chronicles: Gargoyles,chronicles_gargoyles
F3JAubW8gNmhe5KCcykcHScFsP8kQts2Nh844TBaoikZ,funkydino.xyz,FDXYZ
chalk_bored_ape_syndicate,Chalk Bored Ape Syndicate,chalk_bored_ape_syndicate
sunako-4jK6MZtwVAhnYatDCNnyDAW3CMVViLaYBZxdooEi7YTA,,sunako
goddessreborn,The Goddess Reborn,goddessreborn
drakos_unchained,Drakos Unchained ™ - The Eruption,drakos_unchained
magpie_moguls,Magpie Moguls,magpie_moguls
error,System Error,error
boopieverse_the_historians,Boopieverse: The Historians,boopieverse_the_historians
VDC-GWn8fFLeAUbCBtayVYipzvJNzo9Wsemxu2yiH5NdiM7f,,VDC
peppy_platypus_posse,Peppy Platypus Posse,peppy_platypus_posse
koishogunate,KOI SHOGUNATE,koishogunate
solmaniansnfts,Solmanians,solmaniansnfts
mrn_s2_premium,Mini Royale: Nations - Season 2 (Premium),mrn_s2_premium
Orionz-CD2p9fPXamb1uSiHPNxJzPSDah8NeuuUTPkXEFe7TLWY,,Orionz
GC-3XKKhbBmJ41a7wgXzssQBFxG9WMazCqCz3xvXYjqGnir,,GC
boreddogs,Bored Dogs Race Club (BDRC),boreddogs
baby_pixmonkies,Baby PixMonkies,baby_pixmonkies
pesky_penguins,Pesky Penguins,pesky_penguins
Firewalker-3dowXAt2JjjcfWsQauUcnC6PpdbjyJyKq7ToqSWE2dZz,,Firewalker
Alien-AMXEwyBshwhfaFGqG63qVMLwiYk6RCTCs4yxssdG9z2i,,
bored_ape_acid_club,Bored Ape Acid Club,bored_ape_acid_club
succuverse,Succuverse,succuverse
drakos_unchained_the_expansion,Drakos Unchained ™ - The Expansion ,drakos_unchained_the_expansion
wulffrensclub,Wulf Frens Club,wulffrensclub
BDC-5are3SJbpGGTgQzKv6HdD4y4MNytpLeGFYRac2tB9MZX,,BDC
og_women,OG Women,og_women
jb-EhUW5JDHX2YLXyrVuL9pLiuAXc3Ga3bAjv8JCwAC6Vub,,
spookeletons,Spookeletons,spookeletons
transdimensional_fox_federation,Transdimensional Fox Federation,transdimensional_fox_federation
dronies,Dronies,dronies
kgy,Kuroda Genesis Yeti,kgy
Outlaws-2f4VJmA6Lf7hKpnDNwNUrZHNgTwpijYYECdhcH2sBXER,,Outlaws
bohemia_,Bohemia,bohemia_
sccs,Sleepy Sachis,sccs
thewolfden,The Wolf Den,thewolfden
babyapes,BabyApes,babyapes
Blood Bats-9JM7kba4yeCNUmoNo9EzFcvNdBhDxnwqQc7JmmLJiD5S,Blood Bats ,Blood Bats
gemmy,Gemmy,gemmy
dehounds,DeHounds,dehounds
cursed_souls,Cursed Souls,cursed_souls
Hnpsf5qGcoamSpU3REp3G1RCHbsPEzSzUS5ak2gF7eEf,Collection NFT,CYBGDN
theinvasion,The Invasion,theinvasion
haughty_monkees,Haughty Monkee's,haughty_monkees
HELO-eacLHftxPd5a6mw4Ba6QNUuufgjHH9B5uSCFbRHajzM,Hello ,HELO
Mob-GHcta2mfjRDpdc5zUFuvR5MM2d1K2k3VQ6JBEokGoKVJ,,Mob
babydraygon,Baby Draygon Investment Co,babydraygon
OC-27C5p1TdT4zeMXB8RY7NSYmtGai7df2oYBvKaU61HKjX,,OC
halo_bulls,HaLo Bulls,halo_bulls
akari,Akari,akari
MECS-6RdeT2G27AqWXM53PkFSERvZhw4amabHqY7LKre49DAh,,
HUT6XgqJfCGFZ46tbieRu7LJkN7evGB5VDpFtzN1mCbs,Colourful Sculls,CS
dazedducks_metagalactic_club,DazedDucks Metagalactic Club,dazedducks_metagalactic_club
panthers_in_the_metaverse,Panthers in the Metaverse,panthers_in_the_metaverse
CHIMP-Anf69aR7ECn6GZ3bnxwRPnzwm5CksPBFS73xcF5JmkzP,,CHIMP
liftedlemu-3WZf3jBGc9iPv45xe3ehYjE33BA2ybQTve7yhf9vh8Xa,,liftedlemu
XR-4Eayq2gEnmkPVPdhqngBaJwMMFP7hmZZx1EaZaDEdzUK,,
ME-4iVkjZzxsuN6K1rscwMiTJpZ7gwVHdv2Wx3esuY2KhNK,,
dracula_game,Dracula Game,dracula_game
cat_cartel,Cat Cartel ,cat_cartel
dynamic_shields,Dynamic Shields,dynamic_shields
solspot,Solspot,solspot
duck_patrol,Duck Patrol,duck_patrol
attack_tigers,Attack Tigers,attack_tigers
eKIDz-4JAYEky6Ho2yQt3R3kMJCJE3ZJXVPYZ4ju62x43RKkaW,,
GD-6nUq94wZSh1gLbXC36MHhsjuDX8in924Sb99EuvoMCpE,,GD
dsd,Dead Souls,dsd
SM-5mR3QeeMWo9qexxCGKp78AhF7XUxwj9stCNDMVBFHX8P,,SM
galactic_snake_society,Galactic Snake Society,galactic_snake_society
solmontrainer,Solmon Trainers,solmontrainer
BBZ-Eu3R3zWzeEWPgiXurnJqfwT3yT3o9sR3bcugZnBGA3oW,,
DREG-2SBcQrP7MZCxBB5EbVfuGJqrC72UTnNFhk4wYvzaYHND,Deelerz ,DREG
SCAR-DvwYY1m8ctwtpvRyHzKqvMd2uUcXzjGKAnfzJNPGczSA,Weirdo #2,SCAR
solana_pepe_serious_business,Solana Pepe Serious Business,solana_pepe_serious_business
better_bunnies,Better Bunnies ,better_bunnies
bucketheadz_,BucketHeadz,bucketheadz_
mcd,The McD,mcd
magic_mushies,Magic Mushies,magic_mushies
kirei_pigs,Kirei Pigs Collection,kirei_pigs
the_ox_squad,The Ox Squad,the_ox_squad
FMAuWPPjQx6MBWf6fmffVqJtJ9RexDb7wsrSEQk7GCMv,The Pilgrims,PILGRIMS
META-BgbNohkUJAtT8eS7bRETPe99kt1tspVKtpFdXy8Hrfoq,META HUNTERS #1,META
DSD-Eh5fbc9xrnYBYWy9384z1N64aSGv5LNue32guENx2iMb,,DSD
sppkeycard,Solana Puppy Pound Lab Research Keycards,sppkeycard
solluminati,SOLLUMINATI,solluminati
AAD-EDyr1HWFEgiNvPYNDTPwcLjXiK1qnq81EqSvZzqGkFKi,,AAD
the_remnants_,The Remnants,the_remnants_
cops_game,Cops Game,cops_game
solanamonkeyart_gen2,SMArt GEN2,solanamonkeyart_gen2
TRD-8V4MrRWeZhhTUaLkc9czPoFv4PCVwLSCSHHmPUviHf2n,,TRD
oasiscivil,Oasis Civilization ,oasiscivil
KK-DVYLREdVc5DaKzYsvbJRWccqaMDR5P14TAwjdEgTvdWK,,
cyber_frogs,Cyber Frogs,cyber_frogs
baby_ape_tiger_club,Baby Ape Tiger Club,baby_ape_tiger_club
ACIDALIENS-A9KS1CJpokTCQjtunPKhVrqwLR2LBuHKurxL3V6oAroS,,
monkelabs,MonkeLabs,monkelabs
social_sauna_club,Social Sauna Club,social_sauna_club
dead_rejects,Dead Rejects,dead_rejects
thebigfive,The Big Five,thebigfive
qFQtYKVzpdhHd7rFvT5MNxFML1CFceM1Vh5aTP8Sidk,Frosty Penguins,FP
PHPU-FBttYhXCWdisTLmr8gnVikymZBEKCLrG3wSV4YK2zVhs,,
pixel_pigs,Pixel Pigs,pixel_pigs
sol_slugs,Sol Slugs,sol_slugs
paradox_origin,Paradox Origin,paradox_origin
JG-HJ7ncvims5zdqg7qhfWaCm7PFXyX8EEgFLzW8vViXgEY,,JG
funguyz,FunGuyz,funguyz
crazyhuskies,CrazyHuskies,crazyhuskies
artmonkees,ArtMonkees,artmonkees
moshiheads_,Moshiheads,moshiheads_
7if94Gwk22VuwugbqeyCLVzdgKii9LphyjGJDDRMUYyc,Puffu Pandas,PUFFU
mrn_s1_loot,Mini Royale: Nations - Season 1 (Loot),mrn_s1_loot
SolDevils-CnRwpuwzcJY9tqMVHzyGCQCxhvLuybscas3iATBE1fpX,,SolDevils
zenjin_bottle,Zenjin Bottle,zenjin_bottle
DM7vKfiMG4Y8Mre7xH19f31r8FbvLX837qmYMSU5gZj9,Raccoonz,RACCOONZ
defi_pirates,DeFi Pirates,defi_pirates
MW-2xDfdMMrS2S5dmZqrN36XBRjYQ6dPge9gtukTwMZN5FB,,
FPH9jUm2xCDoa88eS7irnTvU4tyqraDhMtoiwSFhocN6,Souka,SOUK
NachoDAO-9nqvhZVktYL5rXFjVMr7Ht1JB4fL1A51yYeZ4aLtEsyM,,NachoDAO
TRC-2skZvT4wCEENL3UjCrGsParQZFCsTN3Fsa1WUMkQUMAb,Trippin Cets ,TRC
651yo7qMpXqJpaLYz36kfHQ4fS8223hUXLoda83LLfA9,Collection NFT,
doomed_armadillos,Doomed Armadillos,doomed_armadillos
FASC-8sy9np4WwFhe1SE1Q4v8TjEzdik9Z4yC5QdZVVGScKUU,,
ayako,Ayako,ayako
mih,Mice Heist,mih
meka_gorillaz,MekaGorillaz,meka_gorillaz
bracket1,bracketX: The Tournament 2022 ENDED,bracket1
shibapad,ShibaPad,shibapad
DoD-Ge4h6j4H6SBj4bnTWJ1tmkoaUfV9nRq42ygyDYhjsn52,,DoD
baby_whales,Baby Whales,baby_whales
DPunks-AuH6rdc98vvELxN2dJGC7GnPR75SQPaHekCyJqGbU1y1,,DPunks
-2KfjL2dv7UVV3bbQB6zvapAPdixJ2aZcNMr6PKXU9RNL,Robber#1,
NYAW-B5aoZxk2qvjiGzdTU2hLxLHegYB1HEbMyG8Av1izqok9,Sphynx ,NYAW
Somebodies-8sZz2TH86D5Ztm6zL2NBE1azn8iXZZdRccKeZb7A3zSq,,Somebodies
FwfpYn4mAY96Je6DCVC8K6ofKfFEQTvQTdhXSiMwJpqA,Space Boy,SPCBY
ghostguys_metaforge,Ghost Guys | By Metaforge,ghostguys_metaforge
minermonkeys,Miner Monkeys,minermonkeys
gloom_punk_club,Gloom Punk Club,gloom_punk_club
9YZ2GLbrsWFLVcy2s7bm9dbVoYqwQGkbjQXuSTvfayJ,MUMMYBOYZ,MUMBYZ
7hyZgY8PdCuZ9HEAJHUGitfmNzBweaR4Um3qmqXdwHEj,Collection NFT,ZEN
TLT-4JKPE9EHPXbJs2g1nAFKw9zs7uf6kko8akf2KNgWyJSH,,
maec,Meta Ape Elite Club,maec
AzyHYYNtfPHy7D5Wg4CmZLxWzB8XsSXZGYSvGjgMhHRm,FoodGangz,FGZ
LMNFT-9oKijw5qUZahDF38rg2yyrnAx8ncAVYhYRAAVEcZxAXL,,LMNFT
sovana,SOVANA,sovana
anybodies,ANYBODIES,anybodies
soldecoder,SOL Decoder,soldecoder
mutant_phaycs,Mutant Phaycs,mutant_phaycs
the_aces_nft,The ACES NFT,the_aces_nft
ErmFHpgoRatvZxg21AAnn7AspP2GMGiQYFTTFC2jMkve,Collection NFT,ONP
PUGGER-12iWg3YCaG1XQ6eQw5F9hr4UhXDxyknpSwEGq2jEDFKz,,PUGGER
dhly,Dahlys,dhly
degensonkrek,Degens on Krek,degensonkrek
winterwhitesnft,The WinterWhites,winterwhitesnft
baa,DAHS: Build-An-Ape,baa
wcdonalds_workers,Wcdonalds Workers,wcdonalds_workers
HA-EGv12fF8BKfnikkjXrXQinYBwbBKZEhe36xPsjhHgxzQ,,HA
FbLVqRFZxiAka2Ya2AdnPPKczpv7WNV8n3ZJ65hb7MGK,The Hammerhead Cannabiz,THC
sneaky_slamberts,Sneaky Slamberts,sneaky_slamberts
BRAVE-J62Ji8iY2bQgihMVTgXCdATh8YQT7xBfHvupEpDSrFkz,,BRAVE
the_stoned_frogs,The Stoned Frogs,the_stoned_frogs
bakedbots,Baked Bots,bakedbots
bearzuki,Bearzuki,bearzuki
sexy_kiwi_birdz,Sexy Kiwi Birdz,sexy_kiwi_birdz
SBBG-6grMc2vorw3BnWmSDkA45TkHn5ZnXA8rEv3bQd78NXgQ,Bot ,SBBG
mile_high_ape_club,Mile High Ape Club,mile_high_ape_club
solbots,Solbots,solbots
the_catalina_whale_mixer,The Catalina Whale Mixer,the_catalina_whale_mixer
degendojomerchant,Mutato Drenk,degendojomerchant
animalz_spirit,Animalz Spirit,animalz_spirit
FB-BkWwABDdotSoFLh3s4oiHbGWAZDmFUoZRNDgZPodSkFJ,,
Figura-BiR344bW9acucfDUvtavTAtouLg8gVUC2SkQKWXg3VHz,,
solkongz,SolKongz,solkongz
hikaric_adventure,Hikaric Adventure,hikaric_adventure
naked_meerkats_beach_club,Naked Meerkats Beach Club,naked_meerkats_beach_club
boneworld,BONEWORLD,boneworld
Weirdo-GqRXQ8WoCGvU7EANctyR11BYsmK5FbZpDueTG1F1vtVN,Weirdo #1,Weirdo
darkhood-6fnYkH2w1JH6Se2VabL3g7zs6XvpHPUgYJ5BNTDvGF4e,,darkhood
CloakAngel-CGyqoMU4cortqs8AR39VumfES6PnhZskDFWgi9v3zoib,,CloakAngel
cosmic_astronauts,Cosmic Astronauts,cosmic_astronauts
mphayc_degens,MPHAYC Degens,mphayc_degens
moonbear,MoonBears,moonbear
pot_heads,Pot Heads,pot_heads
jambo_mambo,Jambo Mambo,jambo_mambo
TPW-83RnqZXFgfsn2YwUAa5cZuTUxwzSe3r17Xs7xw1dcGvK,,
relics_lab,Relics Lab,relics_lab
ecobots,EcoBots,ecobots
bearsoncrek,Bears on Crek ,bearsoncrek
TAT-EZcZTsLpvdisPgQy5TcCALYgmGKRMNvvyJ89t1LFWmum,Trippin' Ape Tribe ,TAT
DQjm8ViAdzirBNmgViESXtkH2XpiA8qEjsndRrkK3Sce,Aerase DAO,AERASE
9sXaXjmV4kXY4c1dNAH8DmhN95PvJtZ6n45Qq9Xo1Eq4,BOX KIDS,BOXK
punkedducks,Punked Ducks,punkedducks
PC-7w24BBtMKAxFjAH8VwonodzQL7VzKwYW7f5PV2RcZLmv,,
KKOALA-FCsciYTPoNkzSH1jqpr9KpFC7BAbZdVUftfSQKeNmYXd,,KKOALA
BBH-6t5MwWzauM9RvidXtPcaa8irKQ76xh7NJ171XUZjHkTS,,BBH
dinojumpregulardinos,Dino Jump,dinojumpregulardinos
cyborg_iguanas,Cyborg Iguanas,cyborg_iguanas
gamerooms,Gamerooms,gamerooms
solthirsty_drunkapes,SolThirsty Drunk Apes,solthirsty_drunkapes
7uvGK5E4P97y2LwFcDexo8VywvHx9cTieFLqG3uVF4Ac,Moonzards,LIZZ
guild_saga_heroes,Guild Saga Heroes,guild_saga_heroes
WNB-3f8MkfMHQEpD5hck4KA3QWmiPe5i6yw5LGEsL4yTYC6A,,WNB
duck_depot,The Duck Depot,duck_depot
ZOW-CvJtomECLZWcfyAbHo5YUDwsWqyM8ihKYT3xTSvTcpvp,,ZOW
SUCK-8chgeBnESGXH29SMVX753zsheguhu8NhHBibNbrt42To,,SUCK
honkugaapes,Honkúga Apes,honkugaapes
DGD-BFXDunJPvcvwBPdaRex7VoETHpgupAvtYdiEt9G4Jdy5,,DGD
awfulwaffles,Awful Waffles,awfulwaffles
rarikeys,SolRarity - Rarikeys,rarikeys
null-STEPNq2UGeGSzCyGVr2nMQAzf8xuejwqebd84wcksCK,,
pixel_racers,Pixel Racers Gen 1 Cars,pixel_racers
heavy_bears_nft,Heavy Bears,heavy_bears_nft
meekolony,Tatsumeeko: Meekolony Pass,meekolony
RRC-Dd2CrRpBMbY5gSaLoCe9HJq4mDAk1dkuKTw14bk1N3vX,Reckless Racoon Club ,RRC
BIRDS-EtBTQYTQsRXqMfX7w9et21ssidqvk1NUYJrgRaoh5PXx,,BIRDS
cyber_samurai,Cyber Samurai Gen1,cyber_samurai
best_buds,Best Buds,best_buds
ttrex,Teddy TRex,ttrex
joystik_season_one,Joystik Artist Series | Season One,joystik_season_one
FFRUFTeJoGLcwknApi9VpAzE6MWX3ghHFsSs9JQHsYZs,PRIME CYBORG SOCIETY,
old_souls,Old Souls,old_souls
AIKUMAKI-CqASrg4YYh5fcGZiLDBN8yM6yN6CLoW7nGqYqDaztZde,,AIKUMAKI
aurory,Aurory,aurory
PLUGLE-DbXfxct9ZDRbHMxXvBtzLUrwJ8adfJWFjcWLhZCcnQwm,,
clones,SolClones,clones
bounty_hunter_space_guild,Bounty Hunter Space Guild,bounty_hunter_space_guild
karyno,Ryno,karyno
pawnshop_gnomies,Pawnshop Gnomies,pawnshop_gnomies
StepMoms-Dt3zXre8iaRVrTmaqgbJMiy3CqfqPkYdEi4LMqHboqeF,,StepMoms
soultools,SOuLTools,soultools
freshcats,Fresh Cats,freshcats
OB-AC9qmzdSKkHP3699t6qkoWPuqDDXhnGS9XjbGvdBN5c8,,
alpha_gorillas,Alpha Gorillas,alpha_gorillas
E8gNvnAW5K5Pcm3R1vc2Mz7zXPE5sbeGHi8e9pWWaUcu,Collection NFT,SF
stylish_studs,Photo Finish PFP Collection,stylish_studs
7KhMvx72MpRHsMq2kXLT8wUvqUL7rcmZEKHo25bb57wF,ACID Lizards,ACDL
solmfers,SolMfers,solmfers
froggos,Froggos,froggos
mcs,Metajuana,mcs
crypto_captains,Crypto Captains,crypto_captains
hachidogenz,Hachi Dogenz,hachidogenz
MINIROYALE-GgT69RnQwQhE8cmnTivRHSPfvXwd3HirdbnHQBaHgqwt,Sank Hero ,MINIROYALE
mekamounts,MEKAMOUNTS OG,mekamounts
BNqSPPGUUwthSnZwsp5Rjowrfvz7rgtbjDdsNM44hZ9c,CaveApeDAO,CAD
DAO-HiL1A7K6B3tuZvsSEwXNiTr3Vt9o8ATrwk7ND9LUeoEa,,
fly,Fly Guys ,fly
bizarreplatypus,Bizarre Platypus,bizarreplatypus
generous_robots_dao,Generous Robots DAO,generous_robots_dao
GAK-27TXTJJ5EVKJJJNepdEPYNLqiKXzyobvT2L7J2RPE15f,Gakko Monkez ,GAK
joystik,Joystik Founders Club,joystik
the_slow_patrol,TheSlowPatrol,the_slow_patrol
zoom,Zaysan Raptors,zoom
TM-HHgwPDASEvLqUj94MiQxCssgvNZnjcYMr3kKDxtFoqQA,,TM
5a5hf7frFqc1v7VfGKSM7f2ptdguooQ5tCnMHqQ57zcE,Nightmare Project,NMProject
null-GDmWUF1FyPY79rQFCpmMPHSUCvvPYG84Mo3iXX81k97U,,
cyber_ape_age,Cyber Ape Age,cyber_ape_age
sgf_united,SGF United,sgf_united
8DXJrhCGboujYCcJUTb4gqhHd7ZHrxyDeJTGAxbFrodc,Alpha Pharaohs,AP
launchlabs,Launchlabs,launchlabs
bobos_of_war,Bobos of War,bobos_of_war
mutant_cats,Mutant Cats,mutant_cats
TSQUIRREL-J23A9TmcqbqyUkJm5yyPKHcoVwjhUUix4mAg2hSqo8nD,,TSQUIRREL
Ghoulies-8nPZH7KUJUpxAifSVmZ5LRBWuQr79wM1AnuMfGNJq4HF,,
BtRKWFsp1qaV33ne3s8fQS1sFwPJxjtWBAh9Ffvts6tP,Wagmi Bros Collection,Wagmi
remnant_camps,Remnant Camps,remnant_camps
iconicapeclub3d,Iconic Ape Club 3D,iconicapeclub3d
kuramafoxes,Kurama Foxes,kuramafoxes
HH-DBfHi26r6jKtVgSWomBkw1drTXxdP6Hua15JKPzr4HPn,,
hunters_of_misadventures,Hunters of Misadventures,hunters_of_misadventures
DeadBearz-5L6n7EmCZV7A5J8764BJMw5wrYzwyGbGFJXVG9UGJqLR,,
DarkWarloc-6gGYrzZjQKM8BMVZESM8u6JjtSHjb3L1gyVABLKVJYmS,,DarkWarloc
stoned_ape_crew,Stoned Ape Crew,stoned_ape_crew
rugged_the_degeniverse_experience,Rugged: The Degeniverse Experience,rugged_the_degeniverse_experience
theamigos,The Amigos ,theamigos
lads,Lazy Ass Doods,lads
female_hodl_whales,Female HODL Whales,female_hodl_whales
dirty_panda_nft,Dirty Panda NFT,dirty_panda_nft
cynova_legacy,Cynova Legacy,cynova_legacy
kyoudai_spirits,Kyoudai Spirits,kyoudai_spirits
the_marmoset,The Marmoset,the_marmoset
Ar46E9erbfPXPDuff2PABMuDMXqLhQLfwGQdEhRySphP,Red Panda Party Club,RPPC
smeshbros,Smesh Bros,smeshbros
SB-DzN2YZF4yYcK5F1hiH5z2PrWPxGvRJWH4rVvYqr2EjfA,Spirit Bears ,SB
HD-nYoJ6aKtCi1RffT2Uj3SzjEU3aufsVk4ycfSAspCtdM,,HD
AKD-Ff8hP6X5Dv9H1GjcCBQ75MjTokcRj1UG6JjFSBDtey4t,,AKD
3d_sol_kitties,3D Sol Kitties,3d_sol_kitties
egsc,Eye Guys Social Club,egsc
PLANE-X-3KSTEEJD2geJ5z9KSx2XgWjYaHtGvuCdW9gkaWQ1JW4z,PLANE-X ,PLANE-X
BggN6FYdGpqkhRonGBk6yZKq6PTAFWPg7TTK6484w3qa,Leopard Labs,LL
sai,Saiba,sai
katasune,Katasune,katasune
portals_citizen_cards,Portals Genesis Citizen Cards,portals_citizen_cards
pelicans_nest,Pelican's Nest,pelicans_nest
DeFox-6YTF1Wn3cZx5S9xMdV7zWeT2emMPDHUtHEpCQyJBoGE9,,DeFox
RWitch-G9J9rcrkuYm1kzjQscpTKzLodnmiH6WFeXu4SPmFuuaY,,RWitch
bape-6Mpty6vh88Qnifk1ehrXDhuhznTjW4GrbboGYgVkVh27,,bape
bull_empire,Bull Empire,bull_empire
angrymals,Angrymals,angrymals
BTAT-E8LmHB28WP8HoLB7zgFiokNEG5EvpEgxEu637Ym3ctr,,
senshi_samurai,Senshi Samurai,senshi_samurai
SKEL-GQzD1ArhKsUDygBWBBTHgXoG86VMrHhgC1XpSNMLQorV,,SKEL
oldzuki,OldZuki,oldzuki
non_fragment_token,NON FRAGMENT TOKEN,non_fragment_token
themetanoids,The Metanoids,themetanoids
SPORE-GjqfQQAbYQSRn96c2pj8nhJAde3rWLwcJyHng25tgphb,,
safari_giraffez,Safari GiraffeZ,safari_giraffez
CyclopsSoc-HvowjD6vozbA7HQaof6zmZFQ26at1RVkHC5gut3H6SyP,,
bear_universe,Bear Universe,bear_universe
hauntedpunks,Haunted Punks,hauntedpunks
CHET-Fw5cYoYGMbM6ovqLJocMZpZBYCidYgdUwmjEXC6Su99Z,The Snuggle Squad ,CHET
DMM-6nWrMMna7EMw5pCBJpZEZqudnxuVPzTZ8hqURHa5wnAE,Digital Minute Men #3,DMM
solcyclopes,SOLANA CYCLOPES,solcyclopes
capysol,Capysol,capysol
hawt,Hawt Fox,hawt
ZD-ASz8V5DcJ3f7yK7BvvwaJWamXcHMTfC1FFK3bSLkQVmd,,ZD
dracula_game_g1,Dracula Game Gen 1,dracula_game_g1
k_labs,K-Labs,k_labs
4QHGScrk3EarTr34AhWoPcRyFepruUtyCNr4Abb8TU1b,Collection NFT,TSHC
DDK-cwvxF5Ew6Rky8Pio5JNKm4wtxB9ukVTBLLWh26vdSEo,Dinodawgs 3D ,DDK
rejectedbears,Rejected Bears,rejectedbears
2aJ8PK9Cn6FkPNVKMCdqYmDRKLisLQZCsU2GdGZkDG4M,LOST BOY CLUB,LBC
MB-DFRaMngjfgvuzZZXtTv3pMPYj6bZyXGCDDwpW6RFZkF7,,MB
azukidoodles,Azuki Doodles,azukidoodles
ALPHA NFT-F7dPKJ8D8kvbYqPpeYdrRbhYLfUzXHzjF3hFCfXtReo6,,
red_panda_squad,Red Panda Squad,red_panda_squad
MUSHROOM-GBQ5XwEcunKuKBdSfCvLSoUN5AwueaXKUkdqeTe1beno,Mushroom #1,MUSHROOM
SMU-646vqUo1s6WDRTQgayLoJuv7wCXU71ULk9wRp3dN7EqE,,
blazing_alpha,Blazing Alpha,blazing_alpha
omens_of_olympus,Omens of Olympus,omens_of_olympus
neon_game,Neon Game,neon_game
savage_sumos,Savage Sumos,savage_sumos
mikoverse,MikoVerse,mikoverse
shkary_sharks,Shkary Sharks (Gen 1),shkary_sharks
sss-D1UkjD34JBSynjUs8QDuhfntqkN7rqamj5ds1o2hQFNq,,
astroarmydao,AstroArmyDAO,astroarmydao
tamaki_apes,Tamaki Apes,tamaki_apes
solaris,Solaris,solaris
pixelbands,PixelBands,pixelbands
kazumikitsune,Kazumi Kitsune ,kazumikitsune
griffin_danjon,Griffin Danjon,griffin_danjon
tshss,TombStoned Skulls,tshss
goblin_laboratory,Goblin Laboratory,goblin_laboratory
mountsolympus,Mount Solympus,mountsolympus
MS-FS3oc5ytncbXuM1yTQ9LDHPoSVy3aTziC1GU3D6A7m5D,,MS
Looties-BWM8suZHihoEnREKEdVfPKnqNRVznAY4RKoZVCcxbRAf, Looties ,Looties
solana_hills,Solana Hills,solana_hills
MOOMIN-BGemVN7MVuJQp2QKdvm7BcXDHmZsANpoYiefucoAvFeA,,MOOMIN
SKELLY-5v3ofEbbR6GWKjRaK1imLhuo82afrhoZJYhJHjZG4hbA,,
dream_city_orphans,Dream City Orphans,dream_city_orphans
LOS-6ReVEFYe2gXdSrCT1jaKYP6XxKYHgv2dZW85tFBuRQid,,LOS
boredgods_club,Bored Gods Club,boredgods_club
cosmic_sentinels,Cosmic Sentinels,cosmic_sentinels
mrn_s1_vikings_premium_drop,Mini Royale: Nations - Season 1 (Premium),mrn_s1_vikings_premium_drop
SNKR-599bpBLESe14YswcyNJj5ZZgMomGXKd1zYvw8L6WVK8k,,
zombiecets,Zombie Cets,zombiecets
chees,Mous Cheese,chees
moonland_metaverse,Moonland Metaverse,moonland_metaverse
sol_snipers,SOL Snipers,sol_snipers
SP-2JTLKLXK6skVFmVXWw6Gmx23VAGqZH9ZfQvS9kAsEhDf,,SP
dice_casino,Dice Casino,dice_casino
rakish_rabbits,Rakish Rabbits,rakish_rabbits
DD-3jgL6jk7PMRgjMK54P25kL7C2zYrcooxnKbUxd6z1gcc,,
solana_hodl_whales,Male HODL Whales,solana_hodl_whales
the_geisha_clan,The Geisha Clan,the_geisha_clan
orcanauts,Orcanauts,orcanauts
vishv_metaverse,Vishv | Metaverse,vishv_metaverse
apex_apes,Apex Apes Reborn,apex_apes
vba_players,VBA Players,vba_players
NotApe-6MBGakRFrU4SvkB3VkuKrg1mVdmE9j1T4ACzGKEJGfcd,,
BS-6FEiYaxe9mpDeEPxmoDWmktJuQQBqhk8LTTJkBsV6gC8,,BS
5azEKjN2oFW1QkgWDUjYenBRAwpNaCKq9xCdPN23DoGU,Collection NFT,SOLGob
GK-9Bof4PJoRHVkcviQXWtvFU86o22SYDTxbNmBXRgXVfEt,,
project_hive,Project Hive,project_hive
zenjinviperz,Zenjin Viperz,zenjinviperz
royal_otters,Royal Otters,royal_otters
matrica_labs_pixels,Matrica Labs: Pixels,matrica_labs_pixels
DEGAINS-9wC2YuTqbm3RQdRNbv4XtSnn6U9Mmg9ZUe2mNkT5RJC9,,DEGAINS
ST-Bv3MgsoHjBfW4XuASniqfxxBPJgRrM9KTJuGmNSPqwaW,Skeletons ,ST
tech_folk,Tech Folk,tech_folk
citizenone,CitizenOne,citizenone
tiny_dogz,Tiny Dogz,tiny_dogz
bad_creature_society,Bad Creature Society,bad_creature_society
lost_in_smoke,Lost in Smoke,lost_in_smoke
5vedWU75cfACfoXXG8WG3697hKHQuaP6CEmWinCexKwy,PokeDAO,
Goblin-Bf5gXfeskqqjGkYsbrmToGm3xXKPQE3SYWsXuvFo88dE,,Goblin
flower_folks,Flower Folks,flower_folks
aldermages,Alder Mages,aldermages
soljunk,SolJunk,soljunk
metavillage,Metavillage,metavillage
pussycets, Pussy Cets on Creck,pussycets
wastelanderz,WastelanderZ,wastelanderz
BOHEMIA-G31Bn81KrqHKCeFaKCFptfDsYZH7DmgFunfuvsQcvvpn,Love Letter #1,BOHEMIA
noryoz,Nōryoz,noryoz
solana_mees,Solana Mees,solana_mees
arabpunkz,ArabPunkz,arabpunkz
mary_janes,Mary Janes,mary_janes
LEO-CsrDpYq7snYCcBtMJfxpX4SyHr2kibcFibi2dGc5HcPZ,,LEO
soltoolsxyz,SOLtoolsXYZ,soltoolsxyz
SHROUD-2XGagdzf3W4a4vgBsh51RyzqTVGkTxVVisi5Xvs2MRpp,,
CP-3bikR9Lzk69KNJBUzmNmp7wRpB39878yM6f7fT1ZfL1B,Cyber Punks ,CP
EVO-5SRYaBrRhoJ6Mq9UoZfFwQyh6TBaWWjLUaU3qw4Ca4EC,,EVO
latrodectus,Hashira Latrodectus,latrodectus
okaydoodlebears,Okay Doodle Bears,okaydoodlebears
gooney_toons,Gooney Toons,gooney_toons
catalysts_nft,Catalyst,catalysts_nft
Trice-EZRHka1CQJhqAXRWY1fKerT3kz7c3ixEPPVKQkTP8v6k,,Trice
PJ-F8v4rYUGh6ssJ1i1pPpe7rw5PPGYDMyRgMgf3KFYytRr,,PJ
pompeizz,Pompeizz,pompeizz
5C1BwfwD7cZjcwsit93eYxYALnnJLZ5gyyNEnHX5JkBw,Team Akeo,TEAMAKEO
StonedWhal-Ghm6TwKJT9M4jU1721LqA1Ea9543uqyLwqUkXfFs1ocE,,StonedWhal
ducksvegas-C47eAWqZ5REGyLxi4Dd7hYHtVDadFmFpvk4JfrgnEdak,DucksVegas ,ducksvegas
CRETS-DaFjDRSDcdWoKi4EiBUE1e5Xtkw1vHwUA6vh5veyQtaE,Cet Rejects #2,CRETS
the_polarians,The Polarians,the_polarians
mutant_doodle_apes,Mutant Doodle Apes,mutant_doodle_apes
gclub,G CLUB VIP,gclub
high_rollers,High Rollers,high_rollers
cloud_girls,Cloud Girls,cloud_girls
CLOWN-F4Tf3VAHV7uF2qZ3P4N3Covp1em4A5JAvJSGd79vKEaH,,CLOWN
ahi_phoenix,Ahi Phoenix,ahi_phoenix
FfvraAS2gJWSjSYGvwtyEKgJNPDa2HzgC8Ldo6bCJptW,,
SOB-Doa8CUapYae1oMXfmdKoBGB1Vt2rQSqt8uHYhumudqgv,,
thugkeez,Thugkeez,thugkeez
zankoku_fairyz,Zankoku Fairyz,zankoku_fairyz
solot_machine,Solot Machine ,solot_machine
thugmonkez,ThugMonkez,thugmonkez
pompeizz_alien_explorers,Pompeizz: Alien Explorers,pompeizz_alien_explorers
ttcc_deloreans,TTCC Deloreans,ttcc_deloreans
FAUG-8imTiJYLCTi9Nyf6pQXf88mMqUuxok15iQrmY1VKmju4,,FAUG
mekka_froggo,Mekka Froggo,mekka_froggo
blockstars,Blockstars,blockstars
the_infungibles,The Infungibles,the_infungibles
NMB-5ogucrew14Y2KpACsWpwE5WgzB3g19LPCYcNb8bVtwHf,,
ggsg_concordians,GGSG: Concordians,ggsg_concordians
bloodmoon_boku,BloodMoon BOKU,bloodmoon_boku
NB-7hZYqgEoGe7UPxdsUxRdkYgRzyQdfxoMrGgpKCHLe4Cj,Nameless Boys ,NB
jellybabies,JellyBabies,jellybabies
ddac,Degen DAO Ape Club,ddac
unicorns,千代子 Chiyoko Unicorns,unicorns
8gx7ZQBkwYdKkAxvs6ERkmgVGKbWwTKj6uKPuR7fZbKk,Savvy Sloths,SVS
APj7FqDNtqzmMYU4iJnrNdHmH3anoLReZF4ujvK4WUSs,,RoA
AX1WmBFcGTKKvAHDGXFxgRVwydioEQ2MSJfezLekhPcR,Collection NFT,BONE
crypto_cubs,CryptoCubs,crypto_cubs
solana_diamond_boys,Solana Diamond Boys,solana_diamond_boys
PG691-BXDrhyvon5NyH6DSMbE2WwUtD4fvP6Y8ey5xh886Voav,,
bounty_hunter_space_guild_cache,Bounty Hunter Space Guild Cache,bounty_hunter_space_guild_cache
VIBE-3gTdYELoQJxMPVS5jNEvfeBvN5EzSeFwPDQg1JjtXcdc,,
execfrogs,Executive Frogs,execfrogs
furrsols,FurrSols,furrsols
pixel_frog,Pixel Frog,pixel_frog
otaku,Otaku Origins,otaku
toadboys,Toadboys,toadboys
sotk,Sisterhood of the Knives,sotk
templebeasts,Temple Beasts,templebeasts
heavenland,Heaven Land,heavenland
fuji_lions,Fuji Lions,fuji_lions
ARCD-2F1LNMUyvEzqFaSsZTNHNGgoEyNokeLGs2NP4wcurjjT,,ARCD
monkettes,The Monkettes,monkettes
CHNNJS-Bhr69VhkTHHwzaUJExcJd7DpfGxA5Rc1isT9iin2d5xu,,CHNNJS
KD-C1ZQahZ5eQ8Tg4DsiV96JBjiqK5AB9zdJkZ8fcmd1o4m,,KD
bored_ape_solana_club,Bored Ape Solana Club,bored_ape_solana_club
LCATZ-KRd7mQt72jPNg2CH1Qhprf1NH9RNCu4BeSTa28H4cV5,,LCATZ
bracketx_tlp_2022,bracketX: The League Playoffs 2022,bracketx_tlp_2022
og_astro_babies,OG Astro Babies,og_astro_babies
CSS-1NWouc2qu4d5kxi94mzthKbirxPYc6UhMsmLGonDeFb,Cega Super Sanics ,CSS
DHD-EXo27Kuc5n1ydRLcnYbuhx8ZjDB8TiCsp2V8iXtZjmie,,DHD
solana_azuki,Solana Azuki,solana_azuki
monke_crew,Monke Crew,monke_crew
folkens,Folkens,folkens
cryptocribs,CryptoCribs,cryptocribs
vanguards,Vanguards,vanguards
mirrordragons,The Mirror Dragons,mirrordragons
DD-Bon15dWLkmcjxb6NcdGj7HufYDvAxVNsbACvMhVr79mJ,,DD
pastel_pandas,PASTEL PANDAS,pastel_pandas
MC-3XamzRnMernfZ4kEgHNUBa3KLBtfEvKZtZxAmQcxCNQT,,
lil_degen_ape_club,Lil Degen Ape Club,lil_degen_ape_club
PrimeSolMa-8FdEnx5voKegzdQ8F3Kt9jhpRviFgwhrTnPDeSWebssD,,PrimeSolMa
scumbag,SCUMBAG$,scumbag
mortuary_inc,Mortuary Inc,mortuary_inc
ODKY-AJsEkceaRrhMUinTQtYEWY7hRRhcYYwmpZLxzngtdPW1,,
GEFBXiTSBKqmJnFF5epe8ScUUQTnYDfuFHwC9VizfN3x,WhatTheHell?,WTH
heavenlandloyalty,Heaven Land Loyalty,heavenlandloyalty
VCNA-HDQzdrRrpPqD97fnTHe5AiXHd96UsFJeZCpzsQ9Ko8aA,,
ZODIAC-7FpvuVhGJyYpK1DVMnA9zUP6xBAm6bfYW1aR3fj5SVFg,,ZODIAC
mamabearsyndicate,Mama Bear Syndicate,mamabearsyndicate
belugies,Belugies,belugies
ubik,Ubik,ubik
everseed_rangers,Everseed Rangers,everseed_rangers
bearu,Bearu,bearu
loscactusnft,Los Cactus Hermanos,loscactusnft
yaku_corp,Yaku Engineering ONI-S01,yaku_corp
DarleyGo-2CMg4Q1Ed69CE1o5N1bSPX7bBVrJ73JHdJw2WnCt7rDa,,
doge_capital,Doge Capital,doge_capital
PANDA-DFxfpt9FRbEw56MtZv3p7WRXJWUvKzFMCbfmcimq324V,,
chippies_nft,Chippies,chippies_nft
net_gala_genesis,Net Gala: Genesis,net_gala_genesis
null-7rj9vLBqQBJ8rJ9962xR5uzD2xfb83HLhoXxsC4u75zG,,
cyber_technicians,Cyber Technicians,cyber_technicians
aotg,Apes of the Gods,aotg
ODGNS-EXC3S7TNKch3tsWJGAMedeE8H4iFMEthpeP6HRT3sFfK,,ODGNS
3gpHa3mqVJStc2qZUetbWJWv3w5RyQdkAibGphFaHuwW,Gothic Ghosts,GG
SNR-1qYQboR1jkeDZdbwBCpXbBcNGPTPh9T5iHWmkvyrtAh,Netrunner ,SNR
isekai_gangsters,Isekai Gangsters,isekai_gangsters
royalepandasclub,Royale Pandas Club,royalepandasclub
AM-EwjvBa2zGkKE94KiVp7dVrUEaHied1GsKs2WyUNg4ybp,,AM
GCS1-D6hfhoA56PyAtTpWUeLDnKnjVEACzFuCm5S6rEnxbjv1,,
panzerdogs_tanks_,Panzerdogs - Tanks ,panzerdogs_tanks_
DoD-7LDFhp1ZDeeCp8LPqWKDnja8BWw2RC89qs8bDVgTaPWe,,DoD
frakt,FRAKT,frakt
LB-8uSV4HGJtigMKAbyv1LURf55ZrBUi6ofeoAy43gktUHq,,LB
OKAYBAYC-Dmf5QTYaLFsyNnA9mXXmjZS2PAL3VYWuK1WKGEyB165K,,
shredded_apes_gym_club,Shredded Apes: Gym Club,shredded_apes_gym_club
PFoxpDEehBeBAhyn7yNB9pyeVraGZVKb4buHQbMnMit,Dusty Apes,DSTYA
PRTLSCC-C7hkcZSCA67ytsNjvhn5LN1MH6oib83J8FJ5Hnoz3pFC,,
BERSERK-F1GE5XtHrofg3u7hPD5o4aDngimSesntuyZrRqjaNBMv,Baked Berserk ,BERSERK
ASS-2jys7XGY1f3qKY7EKadShAvvSxYYFcEwV7GadUiM1G2L,,ASS
skull_division,Skull Division,skull_division
nameless,NAMELESS,nameless
shizenorochi,Shizen's Vision,shizenorochi
TDGT-Bye9afemTr955iECLuMc6PMfXuBPEnYSt8WmEdzuUJSR,Trippin DeadGods Tribe ,TDGT
meta_drago_gen2,Meta Drago Gen2,meta_drago_gen2
3fud5bUQb1yYpHZ2EYrKU6SaU9wm5Mi2nu6pSY5TX7Tg,F***** UP,FU
solbouncer,SolBouncers,solbouncer
1QM5ZBMLsqbmmdmSb8WgP91g9Rw4u1Bkm8RWAMdtXkr,,
ccdaclub,Cool Creature Doodle Ape Club,ccdaclub
metafrog_business_club,MetaFrog Business Club,metafrog_business_club
anon_crypto_dealer,Anonymous Crypto Dealer,anon_crypto_dealer
longjohn,Long John,longjohn
pup_filthy,Pup Filthy,pup_filthy
777junkies,777 Junkies,777junkies
phantasmaghost,PHANTASMA,phantasmaghost
cannaverse,Cannaverse,cannaverse
rude_demons,Rude Demons,rude_demons
sxs_soldier,SoldierXSolvivor - SOLDIER,sxs_soldier
crypto_cavemen_club,Caveworld,crypto_cavemen_club
mechs_of_solana,Mechs of Solana,mechs_of_solana
cactusworlds1,Cactus World Season 1 ,cactusworlds1
API-AuGzGR3vZW4P86vSxzjZfCbdkb8Nr1Yz3RHVRt4UFMiG,Founder ,API
null-2KfjL2dv7UVV3bbQB6zvapAPdixJ2aZcNMr6PKXU9RNL,,
3aRs1mgXuPAJQQB97PoK6BJw9XKcaipKc47oFNTeY5up,Wobbledrugs,DRUG
panda_patrol,Panda Patrol,panda_patrol
kalisten_early_adopters,Kalisten Early Adopters,kalisten_early_adopters
DBD-CHy7dnjzG9bRp7r6PkLeYbjte4KUzWJdPyuzH4LbSy2c,Downbad Dingos  ,DBD
candycane,Candy Cane,candycane
puggingawesome,Pugging Awesome Investments NFT,puggingawesome
hpycol,Happy Collector,hpycol
Ooo-2SEdMmBwzKpHYdSkNgVFyPMDYievgrbHqPDdQuJtRApH,,Ooo
tiny_pets_gen1,Tiny Colony Pets Generation 1,tiny_pets_gen1
lightning_ogs,Lightning OGs,lightning_ogs
cryptopunks_solana_club,CryptoPunks Solana Club,cryptopunks_solana_club
G1ngYAMRoceHCb4KKnihqazzwwPyScAcpvmZRz5yK9sL,Sol Coin Collections,SC
unq_universe,UNQ Universe,unq_universe
OXK-GJpG5AzPG6p34TJsYURGZgNHLZNSHeicVgqJ7EXV9c2t,,OXK
oneira,Öneira,oneira
goosetown,Goose Town,goosetown
kanpai_cubs,Kanpai Cubs,kanpai_cubs
NEXI-HUL8Qc9CnpkmihCNKpjpLnGZ4MYaNpUse8VEYwFtcST8,Nexi Orb ,NEXI
OKG-FR4HXFsM2FRhT7mV7RBmLLMkLxKiCkwY2bCDpgZmjqNt,,OKG
millenial_tigers_clubhouse,Millenial Tigers ClubHouse,millenial_tigers_clubhouse
solana_miners_,Solana Miners ,solana_miners_
relics_lab_dawn,Relics Lab - Dawn,relics_lab_dawn
cryptograf,CryptoGraf,cryptograf
solparasites,SOL Parasites,solparasites
DOWN-9jQF8WNUQnRa2w7o8vCvxAzP7Fn8zBAH5LZ387ecPv8,,DOWN
DM-84CPMPmKUmsCyse5hVagu1c6gDYGfhU1wbmvuNHpwfuG,,DM
dapper_ducks,Dapper Ducks,dapper_ducks
debored_bears,DeBored Bears,debored_bears
GHSN-VGtdympxnLwk7ZhHbz2QzVHY3NabAdVwQfjvpGi4i7K,,GHSN
chikarachimps,Chikara Chimps,chikarachimps
GhostDAO-7HQk8KnNRvzZ8gzcc56dCWHCpbThRA19n5EuoHE7Misn,,GhostDAO
bothead,Bot Head,bothead
zilla_vs_kong,Zilla vs Kong,zilla_vs_kong
WTF-8ZGACpAH3zExQNDVo4PqNN43nKKKX56nFRYaCynPjLQ8,What The Fox ,WTF
solgrandmas,Solana Grandmas,solgrandmas
null-6QF3dhdtMabjKsZ48VqDsQMYm2rAkEJRgMc3Z9JgFZV8,,
MD-DGTh3UvUF6Qu7jE4dh4SXYq6GHq6xCgYrSTBV1D6EEqT,,
DV-GFc4NJA2vSG4fmjBbrnRb8DHRKuSaduJ4yHCBSd2BbGi,,DV
sollamas,Sollamas,sollamas
rowdy_rams,Rowdy Rams,rowdy_rams
PPD-3fXx12VDDfTb7Lj62cc2a3KASwCxzFqiYWsgQLKbyU94,PixelPenguin ,PPD
luxnode,Luxnode,luxnode
LI-Dj6ekUqFPCg8bwBf1L9k1Cnxb1ZQWPKEKQ3RiuPw9LtV,,LI
3NLZmoD98oRJtY8NPbMLJSDpssPhnKTh6x7txWHQ5juB,DARK PARADE,BLOOD
lazybearz,LazyBearZ,lazybearz
ASCMNKY-5D2QiP1arMaA3QATx4rJE6uSM8DSZQEGkX29LVMxxJ5h,,
TRIP-3LQfmFeHV3dyfwb7L59Y2wo1NK7vHz6WJrfMXZfFStqR,,
baldeez,Baldeez,baldeez
LilGhost-EaCcgD1xJ3bGzHibLhAe4BcUH1QfVGNAqscqFvgRv1vx,,LilGhost
woof,WOOFers,woof
TSF-24J2hPEMdctFeFynAeRYJPXE4q8KYJfaMf25TnAJnBkb,TrippyStonedFrogz #1,TSF
darleygo_genesis_horses,DarleyGo Genesis Horses,darleygo_genesis_horses
minermice,MinerMice,minermice
darkelv,DARKELV,darkelv
infinity_serpents,Infinity Serpents,infinity_serpents
the_tower,Tower,the_tower
takashi_ronin,Takashi Ronin,takashi_ronin
PB-2MPhmSBNVkbyHai1VWxEv2UerfFWDssibzTaTJBMar7u,,PB
GP-6V8RNUMG7Lf7e6RS8ychTZHNcdgihNLfLJu1BFVj4GyZ,,
FoU8nXB6z7MxraRcVWTSACVppEyNogXqKxkurVuMs1Bq,Droid Capital,DROID
ZUKIDZ-6tpy6bXuo9BFdwK16SWwoUa4bu5zLL8QWjZbMQ1TVEfQ,,ZUKIDZ
YC-AnhfbFMyVwzXSeG1JnRGzRmXSoZ11Dr2MjmAQRR3T3W7,,
beepolis,BeePolis,beepolis
2SCxj3eBemCFWceC3myEoH2QKDtLkFr8M7i5jxokPpCf,Just Human,JH
the_saints,The Saints ,the_saints
space_runners,Space Runners,space_runners
bracketx,bracketX by Overtime: Access Pass,bracketx
bsf,Big Shot Foxes,bsf
polepenguins,Polepenguins,polepenguins
solape_access_card,Solape Access Card,solape_access_card
zoodiac_rabbits,Zoodiac Rabbits,zoodiac_rabbits
3Eyi78ptWg1k1nTaJTJHSLJhuLck7XAc3PCZ7BgL4WrN,Dapper Ducks,DUCK
YYY-8ZP46wNYoLFzuqS7vtad54Gw7e53ULzqCbZYgMgTtDhc,,YYY
RLPC-81F8sYp22Lr2Fb3R13zcx4bFjKJw2adsKiaJcZeW9ZdJ,,
SM-CRQkProF8WHSQd2ftXSz4QFj1KfUmLQ2Sg3TqFMUUfrU,,
babycheetahs,Baby Cheetahs,babycheetahs
ULA-DepHsVvyj3A8JtqrpGJbuN3bfsMDJWjnLWrSTgdkGz9G,,
G9T5S4BMJuXErq2Dq3ZPELcu2cxXXNxo8ThFvaRPaZLE,Collection NFT,MP
gorillas_kenny,Gorillas Kenny,gorillas_kenny
cybervillainz,CyberVillainz,cybervillainz
degenerate_ape_kindergarten,Degenerate Ape Kindergarten,degenerate_ape_kindergarten
solsteads_surreal_estate,Solsteads Surreal Estate,solsteads_surreal_estate
Geezers-F8q3swhJv9TAN1xrYwbcsRQsLsFvnjpGzEXuyW7WogKM,,
miss_frais,Miss Frais,miss_frais
artificial_irrelevants,Artificial Irrelevants,artificial_irrelevants
vba_player_pack,VBA Player Pack,vba_player_pack
5nq8LieaN9Sk2Dms5Zy4qkuku8zmTzxkQmcf5fXw1fBA,00RR0R v.2,00RRv2
battle_for_nippon_lucky_shogun,Battle For Nippon x Lucky Shogun,battle_for_nippon_lucky_shogun
cosmic_condos,Cosmic Condos,cosmic_condos
scalp_empire_nestor_edition,Scalp Empire Nestor Edition,scalp_empire_nestor_edition
zankoku,Zankoku Cybogrez,zankoku
gods_of_the_galaxy,Gods of the Galaxy,gods_of_the_galaxy
fishyfolk,Fishy Folk,fishyfolk
turnt_up_tikis,Turnt Up Tikis,turnt_up_tikis
doodle_taiyos,DoodleTaiyos,doodle_taiyos
onigang,ONI Gang,onigang
astro_baby_apes,Astro Baby Apes,astro_baby_apes
deolds,DeOLDS,deolds
mutant_voxel_vulture,MUTANT VOXEL VULTURE$,mutant_voxel_vulture
BmX9FDT3T2ZjwdonvBLNMnCiXRD99A7tTQAA43pj6yR6,SAIBA FIGHT CLUB,SAIBA
rich_monkey_island,Rich Monkey Island,rich_monkey_island
frameboy_journey,The Frameboy Journey,frameboy_journey
degenerate_ape_academy,Degenerate Ape Academy,degenerate_ape_academy
hero,Hero,hero
trashy_pandas,Trashy Pandas,trashy_pandas
DD-EJhgAy9tUvCTVVHkBUr9AdEDcatGqtsoxuL8AWogw5Jf,,DD
SWOOP-8EP1NEUs5fwdnjm4f7Q7DE8pPCNC7qNRWo8Tb8ThUSfA,Swoop ,SWOOP
artifakts,ARTIFAKTS,artifakts
DOB-95V7eeAc6F4EAzp4ssYo3rxBLjZigFUf5dsqTFHNS1Qf,,DOB
bulldog_billionaires,Bulldog Billionaires,bulldog_billionaires
the_moonboys,MoonBoys,the_moonboys
malibu_dolphin_mixer,Malibu Dolphin Mixer,malibu_dolphin_mixer
solcraft,SolCraft Dwarf Miners,solcraft
asgard_army,Asgard Army,asgard_army
solautoscars,SOLautos,solautoscars
FTW-ARqKz8NzkHSFYdCG43n2ESU6cprEpE4mE4y2dq3w6yis,Future Wars NFT ,FTW
sea_shanties_glorbs,Sea Shanties Glorbs,sea_shanties_glorbs
FSD-HxjVreYk5co5vHMJ4TmFrVqyf2cq8D5fis9z5itWSULt,,
pet_solciety,Pet Solciety Founder Petizens,pet_solciety
E7Y98qNfr7YoLUbTrGu6pk9jg6AWXvUzWota8Lf6HuW2,Ghost Kid Potions,GKDP
WN-7yZ1Ts3F89rXEdp4ZgEARXSBztWnvVyvBUSexVjo7rhc,Wandering Nahavi #2,WN
wild_dragonz,Wild Dragonz,wild_dragonz
Clyde-nuRZYJXEnsMB5eNUoWNDAEdCg7ndzVMUhnCtrhWmXui,Clyde ,Clyde
7aH1RZMqYq3nynmgGvUXA5bxAcheLjfk76TepHsXfXKK,Little Primates,PRIMATES
akuma_no_neko,Akuma no Neko,akuma_no_neko
bugbearz,bugbearz,bugbearz
dope_apes,Dope Apes,dope_apes
kam1,KAM1,kam1
devil_kidz,Devil Kidz,devil_kidz
the_octos,The Octos,the_octos
cryptonians_world,Cryptonians World,cryptonians_world
SB-DtgC7rJvoQWJR5v4LzrdQtP1kouysbziMrfeE4yK8FEB,,SB
artpunks,ArtPunks,artpunks
mortuary_minions,Mortuary Minions,mortuary_minions
solana_pawn_stars,Solana Pawn Stars,solana_pawn_stars
the_neighborhood,The Neighborhood Metaverse,the_neighborhood
wicked_penguin_bone_club,Wicked Penguin Bone Club,wicked_penguin_bone_club
reptiles,Reptiles,reptiles
bunnytoons,Bunny Toons,bunnytoons
SDD-HnAAMmxuM8tA7vapJGZYtsEg6ztzcDuSxKeYHpFPAtvE,,SDD
pixelracersgen1engines,Pixel Racers Gen 1 Engines,pixelracersgen1engines
the_xenobots_project,The Xenobots Project,the_xenobots_project
EVOS-AotSZjFNpH2NhPjuqhvJHVgfgXLqwVV3NWN6gEWs2NzV,,EVOS
SP-42NrZribDfnk4SvrCUtveDJQPc8N2sHshhX8oj6rUPTY,Shrouded Playground ,SP
PsychoCats-A5xb1RmWbb2XxwN1CGwmK5385qHgDhtsAxLyPvavMcBp,,
KS-ALtJPyLnf6pfsBVSHNxZUbJZQoFQ4bTm39MVS1cHKX7R,,KS
Probo-D3HrPqonwDt3byvQeFFRjo35xtnot324ZGThVRrGeEHt,,
kyoudai_academy,Guardians of Kyoudai,kyoudai_academy
38t9ZXJ32AZ8TazYdS8P2qJsp3Q8UycmYEjKpgU8uPze,,
DSKLZ-4aKp4RxC8eLU7jXZZjr6ZRA9kjpWB2ZpWrS6cNaUhnPx,,DSKLZ
blockasset_legends,Blockasset Legends,blockasset_legends
PUNKS-3bikR9Lzk69KNJBUzmNmp7wRpB39878yM6f7fT1ZfL1B,Cyber Punks ,CP
SA-BUYdFiqWGLCQLV9CVWgTDNrnN2MBXkaSssPs4sPMFmie,,
DGZ-Gvynmjrxo4sTzzqQN5EBg7dBvXVXyCdCi8gSQrPXRnug,Degenz Game #1,DGZ
BOH-AG3Xesd78T1JcPrxHqbUksiVoE82Ki3mwHV3Xd32wxjU,,BOH
XYN-386gcJQxZ9uYeSYfYCQzsaChJo8sLSupNGyQzxkBNkvL,,
solana_beeples,Solana Beeples,solana_beeples
G1PA1QGzh2zmrWKS7yDsepxFP2FGj87NLfamoMQjCRb3,Diddly Dudes,DLYD
legions_of_primus,The Legions of Primus,legions_of_primus
DGC-6JPRoaY9CkkatnNS8fowUW1TPJz6LntLtUkp7G8R58Jz,,DGC
high_roller_hippo_clique,High Roller Hippo Clique,high_roller_hippo_clique
cosmic_condos_gen_2,Cosmic Condos (Gen 2),cosmic_condos_gen_2
degencoinflipcom,Degen Coin Flip Players Cards,degencoinflipcom
FOB-J6cjNJ88eBZp9qDga8Stfn8euBDfPc6pY3hToiGnjDai,,
wkd_deapes,Wicked Deapes,wkd_deapes
kaizen_corps,Kaizen Corps,kaizen_corps
solana_feline_business,Solana Feline Business,solana_feline_business
piggy_girl_gang,Piggy Girl Gang,piggy_girl_gang
6RgCxZT8sjiPJw7XrGgktC7ectxXZ87d1iqBFqTcybdo,Art of War,AoW
egghead,Eggheads,egghead
power_orbs,Power Orbs,power_orbs
project_akira,Project Akira,project_akira
shukuna_nft,Shukuna,shukuna_nft
soltoons,Sol Toons,soltoons
GqQu6QZqv2Lw6VdB6Sj2X86rmymVS4Mmbw85ZkkCYyDv,Legion of Sol,LoS
team_tuskers,Team Tuskers,team_tuskers
alleycatscollective,Alleycats Collective,alleycatscollective
EKO-3Xw51J2L7x8osCA6qLXCbsD38mVj1ugP43Lr8uSe7pyx,,EKO
decentralized_autonomous_gigaunits_dag,DAGs - Evolved Collection,decentralized_autonomous_gigaunits_dag
geo_gang,Geobots,geo_gang
sea_shanties,Sea Shanties,sea_shanties
DTP-HHGsTSzwPpYMYDGgUqssgAsMZMsYbshgrhMge8Ypgsjx,Degen Trash Panda #1,DTP
projekt_paradise,Projekt Paradise,projekt_paradise
metabaes,Metabaes,metabaes
sevendeadlysins,Seven Deadly Sins,sevendeadlysins
chunky_chimps,Chunky Chimps,chunky_chimps
LL-3ScrEeoa4t6suhxhi6gK4np9VUsDwRugDJt6GQQPC4Zv,,LL
KBNFT-BteurfY83rNW1DGXhwZRkv7XpCF5fTFS7NKsD6qw6ovq,,
invokersnft,InvokersNFT,invokersnft
cyberwave,CyberWave,cyberwave
afa,Art Faction Pandas,afa
sockpass,Sockpass,sockpass
the_emergence_scrolls,The Emergence Scrolls,the_emergence_scrolls
RRPS-7Ry284LXM6asdCr3dpEbKymi3fvtPBhqpzmkdgmCrY8S,Realized Rhapsody ,RRPS
SACT-8uh8Z5M6KBFHPhb2wRdyiLUt2ZjxEV6b3nmeTZWmWkrg,,
SML-72q68jb529oiwVRDzNb3iHjn4orFGFUeVtZ7KVNbgDx8,,
bald_society,Bald Society,bald_society
Sheep-DqgKpytQyjHicbwvQ19bp66aPQm9uQLeMFQB3UpiFLtV,,Sheep
ehecatl_baby_dragons,Ehecatl Baby Dragons,ehecatl_baby_dragons
52mTwfVNKV2QUWUDz4vjYob8STW6FJ7iZB8U6khDiSub,Cheeky Foxes,FOXY
yetai,Yetai,yetai
sigmaapeclub,𝐒𝐢𝐠𝐦𝐚 𝐀𝐩𝐞 𝐂𝐥𝐮𝐛 ,sigmaapeclub
WDUSTERZ-6sqtdjv6LvUQabQsFqFStPzwRfjeh2E8D95e2ZwNqmRu,,WDUSTERZ
dead_ape_society,Dead Ape Society,dead_ape_society
punky_apes_club,Punky Apes Club,punky_apes_club
Shaky-7s3RTLTzAQkiuzoN9GvDj7UwUtFiwNXuVFNeJPBcU22t,,Shaky
space_x_apes,Space X Apes,space_x_apes
dreams_of_solcandy,Dreams of SolCandy,dreams_of_solcandy
lost_at_sea,Lost At Sea,lost_at_sea
cyberkatz,CyberKatz,cyberkatz
5QoTGxjSPr8nSwrz4z2NgAxwGUEuSxnvyVCziExvYqX1,Bored Bears Solana Club,BBSC
yokufolks,Yokufolks,yokufolks
retrotendo,Retrotendo Games & Accessories,retrotendo
laohu_kingdom,Laohu Kingdom,laohu_kingdom
lunaroid,Lunaroid,lunaroid
ooc,Oni Origin Club,ooc
BASC-HkzqBHcEsppZ4QstJQT1VzRFmLARuVsCc4PZ6wau4ec3,,
wano,We Are Not Okay,wano
the_goat_society,The GOAT Society,the_goat_society
dappie_gang,Dappie Gang,dappie_gang
taiyo_infants_incubators,Taiyo Infants/Incubators,taiyo_infants_incubators
monkey_baby_business,Monkey Baby Business,monkey_baby_business
theremainders,The Remainders,theremainders
yushi,YUSHI,yushi
animated_cryptopunks,Animated CryptoPunks,animated_cryptopunks
solsand,solsand,solsand
space_bums,Space Bums,space_bums
p2pawnshop,P2Pawnshop,p2pawnshop
genopets,Genopets,genopets
sushifrens,Sushi Frens,sushifrens
FROG-DJdWvgtqPCgTTLZGyRNq8UqP3ZySw9DqG3X7pE8caeHV,,FROG
alienartacademy,Alien Art Academy,alienartacademy
secret_sphinx_society,Secret Sphinx Society,secret_sphinx_society
HL_GEN-55kdnoo2YJDtbWvEHYuXjGoyBnm2zRTKsz7FPzdzhRwg,Genesis ,HL_GEN
JST-37RmAEkHyBNNDcWXyfFqY8dwbaZjJnJtNNKsg3z26K1c,,JST
PIG-A9fe6rbgobM76oDuQjupQQjEWMw8trL4ib1XUiWFdhjM,,PIG
fancy_frenchies,Fancy Frenchies,fancy_frenchies
EuWZnPma5DXnaCj9jRs9tVxMWmfXaFuaWZHRKW1NSSAY,Chimp Soc,Chimp Soc
solanders_nft,Solanders,solanders_nft
cozy_cubs,Cozy Cubs,cozy_cubs
dddc,Degen DAO Dog Club,dddc
THS-2asQ5yJuuq1gg6TPgEWxBoVYGo5JjncPHfdHDq8hACcA,,
electons,Electons,electons
pixcases_for_pixtapes,PixCases for PixTapes,pixcases_for_pixtapes
celestialz,CELESTIALZ ,celestialz
zillaz_nft,Zillaz NFT,zillaz_nft
DTA-AqmsKUhYVdAKK9oafBkuft6AUzeeLzatGiRjpaxDACN5,,DTA
lilboogle,Lil Boogle,lilboogle
brickers,Brickers,brickers
TSG-GeWYneY4wNcQHQFihrBk2yRZRcPhQtGXGK5o9edVb2gq,,
meta_ape_gang,Meta Ape Gang,meta_ape_gang
ottersnfrens,Otters n' Frens,ottersnfrens
kapengu,Pengu,kapengu
OB-9fFa6KPNpH9mV586FaCh6vhU3UerbriU9bwEFqQhZxJS,Okay Bulls ,OB
synergy_land,Synergy Land,synergy_land
SBNFT-7ZEU2HAXr9AYB6PKvbQrN5wCbt8EipLv6QJ8kq4T3MhY,,
alien_universe,Alien Universe,alien_universe
solarsentries,Solar Sentries,solarsentries
BLXSSXD-5QpPmwzQddqZkKsE8DN3Y11bhdDLb5FYziocrYhUYpud,,BLXSSXD
CdTxqrDAQrwqDQNZUVXyy58KYcRawRWL2go6V67gnWE5,Good Skellas,GSK
crypto_coves,Crypto Coves,crypto_coves
boryoku_baby_dragonz,Boryoku Baby Dragonz,boryoku_baby_dragonz
D9b6R8A3AoSEUEuiQT5rEUGsJKaf4e2zqjYvmXiTfy6r,Sad Kittens,$DK
cool_beans,Cool Beans,cool_beans
goblin_army,Goblin Army,goblin_army
dmc,Degen Moon Council,dmc
Raccs-HzwF7SxmedxartqfR9h6BsuYeSEi4cswD12Puf8n11m1,,Raccs
MBA-AvfMt5EcCMAS7k4XwqztTgGneRDdovFos64trAEVWCSs,,MBA
rogue_sharks,Rogue Sharks,rogue_sharks
thebigfive_females,The Big Five - Females,thebigfive_females
degenerats,DegeneRats,degenerats
solyetis,SolYetis,solyetis
particles_nft,Particles NFT,particles_nft
NA-33XChQjJFm2z4nNZ789sq89P44Ar1Gwv8TaaZE6XYSfX,,
booa,Boogles Academy,booa
Ninjas-FUz63Krb1BXAxYKm8TwFyM3vJWPJjtWdY9o4rjfhgtQQ,,
alpha_wolves,Alpha Wolves,alpha_wolves
gorillae,GORILLAE GANG,gorillae
dyor,DYOR,dyor
mightypirates,Mighty Pirates,mightypirates
DAC-FCtbNx5kzq6SeaCEYg4LUG71rh3ombwh9oey4VyakuEs,,
9F7aryrWBP6tEWvPnWy7P45Y6THYZn7xQg6EGrS4Le4i,Book Of The All-Seeing,BOOK
9MVWRyTU3BfjJ6FkaqwLieycnzAUKz52zijx9r7htKFF,Solsunsets,SSUNS
svply,SVPLY CHVN Male Bots,svply
ice_cream_parlour_monkes, Ice-Cream Parlour Monkes,ice_cream_parlour_monkes
ce8DrfzcDygHs6aqe6sxGqkMLxtrXxMnDa3KbvscYmy,,
GBD-DvXR6tZJryTQueF2NT4VZPJFMKEokmh7uef6Qg3hcm4v,,GBD
high_society_membership_cards_hsmc,High Society Membership Cards (HSMC),high_society_membership_cards_hsmc
baby_ape_social_club,Baby Ape Social Club,baby_ape_social_club
decets,Decets,decets
MoR-wLcf5PnfQ8mThXferMRzEGoyDfJtPZwHC8aU8AMzUVR,Mad on Reefer ,MoR
pixelapes,PixelApes,pixelapes
horo_ikimono,Horo-Ikimono,horo_ikimono
solsquatch,SolSquatch,solsquatch
puffpenguinsclub,Puff Penguins Club ,puffpenguinsclub
us_werewolves,Undead Werewolves,us_werewolves
MST-3SpD632RASFmhrR97fVqHYvQ53SyGzjXKiw4LR1h4EnJ,,MST
coolcatssolana,Cool Cats Solana,coolcatssolana
grim_syndicate_lurkers_of_the_abyss,Grim Syndicate: Lurkers of the Abyss,grim_syndicate_lurkers_of_the_abyss
WH-GFYfibBf7eMgEZPPCsKbJtL4LLavqi6JA8PjEr74xTGh,,
coinman,Sol Coin Man,coinman
IceBirds-Abyy64bgkJTErjucA3HZ28m77iBbhymaYWht3WRWAann,,IceBirds
3h5w5Sf44vynhzaJfrnwkkW9uKLrGDmFvjAu173em1Ra,No Name DAO,NND
mindlings,Mindfolk Mindlings,mindlings
friendly_floatees,Friendly Floatees,friendly_floatees
nftraders,NFTraders,nftraders
BB-APcFqw4v6cVTpM9nhsVDcXEJyYRQCg7iwhYiaoAYu837,,BB
chilled_apes,Chilled Apes,chilled_apes
EFxtggfaUBaipYMjN4KPZXzB2R8QVGFEMk9vS1D5wAcU,Zanshi Monkez,ZM
mrn_s2_loot,Mini Royale: Nations - Season 2 (Loot),mrn_s2_loot
tiger_legacy,Tiger Legacy,tiger_legacy
starryinsiders,Starry Insiders,starryinsiders
turtaholics,Turtaholics,turtaholics
-6QF3dhdtMabjKsZ48VqDsQMYm2rAkEJRgMc3Z9JgFZV8,Robber#0,
cookingtools,SOL Cooking Tools,cookingtools
kittencoup,Kitten Coup,kittencoup
EXL-9a1gAsZrAbkprsPCoHDPF4tLYYqAogxVnA9UKHfxMRDb,Exile #1,EXL
makimanft,Makima NFT,makimanft
Bga7Pwz4jfdiMzJxSQ6EsP88R5GjWgBaF3FSr7nJW5Ec,,
CC-2LbegY2J2eMAYtVsHG2PJdRJDjYNW89rXHHn2dYmFvyp,,
SLM-GnN4wTD5w7CnPRYnbijYCqGJuC6a81SbpaUbeszFi2aG,,
solice_genesis_avatars,Solice Genesis Avatars,solice_genesis_avatars
pixelbearz,PixelBearz,pixelbearz
hotpotatogang,Hot Potato Gang,hotpotatogang
catliens,Catliens,catliens
toshiworld,Toshi World,toshiworld
divaz_punkz,Divaz Punkz,divaz_punkz
DEGENS-656wjzKGj3xZsLmEuekP4pWYqrhUuc2sNQ3yxFaHNUwN,The Resurrected ,DEGENS
the_elementies,The Elementies,the_elementies
fuji_cubs,Fuji Cubs,fuji_cubs
chinesepunkz,ChinesePunkz,chinesepunkz
rude_golems,Rude Golems,rude_golems
bafc,Brave Ape Fight Club,bafc
DA-noQaRqG5xSgoRX9zEdspEYDWc4dSRx6C4W6gqUGa8Zq,,
enemystudio,ENEMY,enemystudio
furious_bear_gang,Tata's FBG,furious_bear_gang
solluminati_the_shards,SOLLUMINATI - The Shards,solluminati_the_shards
4ghvP6SfqmeGFYiCqGAke1bYRsNR45m5vC9jRi91hmwd,SeaHorsesDAO,SEAH
neonexus_airdrops,NEONEXUS AIRDROPS,neonexus_airdrops
jungle_cats_lioness,Jungle Cats Lioness,jungle_cats_lioness
777ctzns,777CTZNS,777ctzns
BKD-8NGnM6YBpkNunUYccciBKmVgYdg23D4WT8ESZokZ4CSL,BakedGods ,BKD
